_id,城市,排名,攻略提到数量,景点名称,点评数量,简介,纬度,经度,英文名,评分,驴友到达比例
5d3ec0c40ef61211e4bf78fb,上海,3.0,1,上海乐高探索中心,207,全国首家乐高探索中心，是亲子互动的好去处。,31.229002,121.402378,LEGOLANDDiscoveryCentre,80,0.0
5d3ec0c40ef61211e4bf78fc,上海,11.0,37,外滩观光隧道,663,我国第一条越江行人隧道，坐观光车厢“穿越地球”。,31.245476,121.497084,,66,0.05
5d3ec0c40ef61211e4bf78fd,上海,,0,南京路步行街,6283,现代建筑夹杂着欧式老楼，竖挂的店铺灯箱连绵不绝,31.243231,121.4907,NanjingRoad,90,0.0
5d3ec0c40ef61211e4bf78fe,上海,9.0,22,上海中心大厦,368,中国第一、世界第二高楼，在118层观光厅欣赏上海城市美景,31.239087,121.512279,,94,0.0
5d3ec0c40ef61211e4bf78ff,上海,22.0,102,甜爱路,467,上海最浪漫的马路，在爱心邮筒给你的TA寄出盖有爱心邮戳的信函,31.272595,121.490322,Tian'aiRoad,80,0.07
5d3ec0c40ef61211e4bf7900,上海,26.0,227,人民广场,1064,名副其实的上海地标和交通枢纽，可以在广场上喂鸽子看喷泉,31.235297,121.481144,,82,0.13
5d3ec0c40ef61211e4bf7901,上海,8.0,112,上海环球金融中心,3740,目前世界最高观景平台，拥有多项世界之最，浦江两岸美景尽在眼底,31.239657,121.51346,ShanghaiWorldFinancialCenter(SWFC),90,0.12
5d3ec0c40ef61211e4bf7902,上海,2716.0,3,闵行体育公园,461,,31.148147,121.377722,,94,0.0
5d3ec0c40ef61211e4bf7903,上海,1.0,9,上海欢乐谷,2798,可以搭乘国内第一台木质过山车在丛林里呼啸而过,31.103383,121.223035,ShanghaiHappyValley,90,0.01
5d3ec0c40ef61211e4bf7904,上海,17.0,162,1933老场坊,782,曾经远东最大的屠宰场，如今是一个创意园，文艺气息浓重,31.260236,121.499094,1933OldMillfun,88,0.04
5d3ec0c80ef61211e4bf7905,上海,2.0,6,上海影视乐园,1210,老上海影视拍摄地，坐有轨电车或黄包车，体验时光倒流。,31.016544,121.319246,,88,0.01
5d3ec0c80ef61211e4bf7906,上海,170.0,1,上海外滩星空错觉艺术馆,161,穿越古今中外，给你全新的震撼与体验,31.23414,121.50408,ShanghaiBundStarSkyIllusionMuseum,68,0.0
5d3ec0c80ef61211e4bf7907,上海,31.0,85,石库门,101,是最具上海特色的居民住宅,31.2149391174,121.4691068893,Shikumen,88,0.06
5d3ec0c80ef61211e4bf7908,上海,2.0,54,迪士尼小镇,715,美食、购物一应俱全，华特迪士尼大剧院坐落于此,31.145926,121.668349,DisneyTown,90,0.0
5d3ec0c80ef61211e4bf7909,上海,30.0,50,世博公园,218,世博会场地位于南浦大桥和卢浦大桥之间，沿着上海城区黄浦江两岸进行布局，园内分为5大场馆群，分别是独立馆群、联合馆群、企业馆群、主题馆群和中国馆群,31.193002,121.49301,,90,0.12
5d3ec0c80ef61211e4bf790a,上海,16.0,0,安徒生童话乐园,173,,31.330381,121.518295,,0,0.0
5d3ec0c80ef61211e4bf790b,上海,13.0,62,七宝古镇,307,距离上海市区最近的古镇上最繁华的步行街区,31.157834,121.361849,QibaoOldTown,88,0.05
5d3ec0c80ef61211e4bf790c,上海,35.0,206,外白渡桥,1047,上海标志性建筑之一，老上海题材影视剧的取景地,31.249071,121.496791,GardenBridge,88,0.11
5d3ec0c80ef61211e4bf790d,上海,55.0,89,武康路,354,14处优秀历史建筑，电影《色戒》中王佳芝与易先生最后幽会的地点,31.213043,121.445997,WukangRoad,92,0.01
5d3ec0c80ef61211e4bf790e,上海,51.0,12,上海琉璃艺术博物馆,191,中国甚至亚洲第一个展示琉璃艺术的博物馆，能欣赏古代中国到现代世界的琉璃大作。,31.213867,121.476866,LiuliChinaMuseum,94,0.0
5d3ec0cc0ef61211e4bf790f,上海,12.0,65,创极速光轮,332,驾驶急速光轮，来体验全球迪士尼乐园中速度最快的项目之一，可领快速通行证通过,31.147973,121.66329,,96,0.0
5d3ec0cc0ef61211e4bf7910,上海,98.0,23,上海当代艺术博物馆,212,发电厂房改造的博物馆，也是上海双年展的主场馆。可参观各种前卫艺术品。,31.206107,121.504492,,84,0.0
5d3ec0cc0ef61211e4bf7911,上海,5.0,6,上海长风海洋世界,1714,在这里可以观看大型海洋动物的表演,31.230932,121.403475,,78,0.0
5d3ec0cc0ef61211e4bf7912,上海,61.0,3,中国航海博物馆,536,中国航海博物馆是我国规模最大、等级最高的综合性航海博物馆，是国内首座航海专题博物馆，看各种仿真模型和航海设备实物。,30.902445,121.926006,,84,0.0
5d3ec0cc0ef61211e4bf7913,上海,28.0,9,上海汽车博物馆,539,观赏各种品牌的古董车，了解汽车发展史，体验模拟驾驶。,31.28464,121.176678,,90,0.0
5d3ec0cc0ef61211e4bf7914,上海,33.0,106,中华艺术宫,834,原上海世博会中国国家馆，观赏镇馆之宝——多媒体版《清明上河图》,31.189997,121.501284,ChinaArtMuseum,88,0.01
5d3ec0cc0ef61211e4bf7915,上海,47.0,45,思南公馆,242,在这里可以欣赏成片的花园洋房，感受老上海的洋气,31.220803,121.47482,,86,0.0
5d3ec0cc0ef61211e4bf7916,上海,119.0,1,东方明珠259米全透明悬空观光廊,170,全球唯一的360度全透明观光廊，以空中漫步的独特方式欣赏申城全景。,31.245111,121.506372,,60,0.0
5d3ec0cc0ef61211e4bf7917,上海,29.0,92,多伦路文化名人街,521,参观鲁迅、茅盾、郭沫若等名人故居，在复古的洋楼老街散步拍照,31.26995,121.488195,DuolunRoadCulturalCelebrityStreet,86,0.1
5d3ec0cc0ef61211e4bf7918,上海,50.0,96,徐家汇天主教堂,628,上海最大的天主教堂，欣赏中世纪哥特式建筑和内部精美的装饰,31.197421,121.442676,XujiahuiCatholicChurch,86,0.09
5d3ec0d00ef61211e4bf7919,上海,,0,上生新所,113,,31.216058,121.433428,,94,0.0
5d3ec0d00ef61211e4bf791a,上海,59.0,6,新天地,1125,上海新地标之一，来这里可以在夜晚穿梭于各个露天酒吧，体验夜上海生活,31.224919,121.481663,Xintiandi,98,0.0
5d3ec0d00ef61211e4bf791b,上海,38.0,103,静安寺,783,东部地区少见的融入藏式建筑风格的寺庙，闹市中的著名古刹,31.229825,121.451615,Jing'anTemple,88,0.05
5d3ec0d00ef61211e4bf791c,上海,18.0,43,马勒别墅,456,浪漫华丽的挪威城堡式建筑，室内装修却又不失中国风情,31.229144,121.462784,HengshanMollerVillaHotel,86,0.03
5d3ec0d00ef61211e4bf791d,上海,23.0,14,上海动物园,2262,中国第二大城市动物园，观察珍稀动物，体验亲手喂食,31.199108,121.369961,ShanghaiZoo,90,0.0
5d3ec0d00ef61211e4bf791e,上海,17.0,1,上海迪士尼乐团,195,欢迎来到米奇大街，随着活力四射的乐队伴随高昂音乐一起快乐摇摆！,31.146212,121.670511,,100,0.0
5d3ec0d00ef61211e4bf791f,上海,73.0,58,上海交通大学,426,文化底蕴深厚、办学传统悠久的全国重点大学，中西合璧的校园建筑和各式博物馆都值得参观拜访。,31.205559,121.439021,,90,0.01
5d3ec0d00ef61211e4bf7920,上海,116.0,4,南汇嘴观海公园,97,,30.888175,121.980118,,84,0.0
5d3ec0d00ef61211e4bf7921,上海,89.0,8,上海玻璃博物馆,338,玻璃窑炉车间改建的博物馆，可见各种精美的玻璃艺术品，观看玻璃制作过程。,31.349786,121.478542,,88,0.0
5d3ec0d00ef61211e4bf7922,上海,36.0,3,上海儿童博物馆,154,寓教于乐的知识殿堂，儿童可在此得到丰富的科普启蒙。,31.199841,121.419472,,86,0.0
5d3ec0da0ef61211e4bf7923,上海,184.0,7,热带风暴水上乐园,589,沪上最大型的水上乐园，夏季亲水纳凉的休闲去处。,31.145437,121.379774,,94,0.0
5d3ec0da0ef61211e4bf7924,上海,42.0,15,枫泾古镇,541,被誉为“吴越名镇”，游览水乡风貌，欣赏乡村农民画作,30.892765,121.022922,FengjingAncientTown,90,0.0
5d3ec0da0ef61211e4bf7925,上海,104.0,25,M50创意园,235,莫干山路50号是上海最具规模和质量的当代艺术社区，M50是其简称。,31.254336,121.455626,M50CreativePark,92,0.01
5d3ec0da0ef61211e4bf7926,上海,67.0,4,虹桥机场2号航站楼贵宾厅,12,,31.1915909522,121.3341505321,,100,0.0
5d3ec0da0ef61211e4bf7927,上海,24.0,106,金茂大厦,1216,上海第三高楼，著名地标之一，在88层观光厅俯瞰上海城市风光,31.241027,121.512255,,86,0.13
5d3ec0da0ef61211e4bf7928,上海,25.0,3,凡迭戈剧院,56,,31.1517231406,121.6702446788,,100,0.0
5d3ec0da0ef61211e4bf7929,上海,3.0,7,上海辰山植物园,841,在矿井花园看瀑布，冬天在展馆温室观赏各类珍稀植物。,31.081652,121.189078,,94,0.0
5d3ec0da0ef61211e4bf792a,上海,43.0,16,上海电影博物馆,443,观赏各种电影海报和拍摄道具，体验有趣的电影后期制作过程。,31.192501,121.444536,,90,0.0
5d3ec0da0ef61211e4bf792b,上海,1.0,21,奇幻童话城堡,100,全球迪士尼乐园中最高最大的城堡，并首次汇聚迪士尼童话故事中每一位公主。,31.149844,121.666153,,88,0.0
5d3ec0da0ef61211e4bf792c,上海,3.0,46,梦幻世界,274,乐园中最大的园区，梦幻的奇幻童话城堡带你进入童话世界。,31.15013,121.664141,,92,0.0
5d3ec0de0ef61211e4bf792d,上海,249.0,6,上海海湾国家森林公园,795,烧烤、骑马、骑单车，赏梅赏荷观鸟好去处。,30.867674,121.694946,,80,0.0
5d3ec0de0ef61211e4bf792e,上海,85.0,18,新场古镇,409,品味明清老建筑、参观历史陈列馆。电影《色戒》曾在此取景,31.031093,121.652503,,90,0.0
5d3ec0de0ef61211e4bf792f,上海,78.0,40,同济大学,318,上海百年名校，也是著名的赏樱胜地。,31.288259,121.512777,,96,0.0
5d3ec0de0ef61211e4bf7930,上海,7.0,38,奇想花园,212,观全球路线最长的迪士尼主题花车巡游，畅游欢乐海洋,31.149042,121.667073,,92,0.0
5d3ec0de0ef61211e4bf7931,上海,63.0,4,上海外滩美术馆,252,欣赏各种现代艺术作品，在楼顶露台享受咖啡与美景。,31.246931,121.494113,,90,0.0
5d3ec0de0ef61211e4bf7932,上海,13.0,34,爱丽丝梦游仙境迷宫,245,无需排长队，选择一条道路进入梦幻仙境，参加爱丽丝和她的朋友们的茶会吧！,31.150753,121.666041,,84,0.0
5d3ec0de0ef61211e4bf7933,上海,451.0,0,263米主观光层,0,这一刻，站在这样的高度俯视上海，将是您一生的骄傲!,31.2445201188,121.5071929863,263MSIGHTSEEINGFLOOR,0,0.0
5d3ec0de0ef61211e4bf7934,上海,88.0,74,思南路,312,漫步思南路，细赏风格迥异的花园洋房，感受老上海的悠悠历史。,31.221751,121.473872,SinanRoad,86,0.02
5d3ec0de0ef61211e4bf7935,上海,10.0,51,七个小矮人矿山车,287,可领取快速通行证。全家都适合坐的过山车，与七个小矮人一起探寻熠熠生辉的钻石矿厂。,31.15103,121.666155,,98,0.0
5d3ec0de0ef61211e4bf7936,上海,409.0,1,震旦博物馆,170,,31.240486,121.506152,,0,0.0
5d3ec0e20ef61211e4bf7937,上海,176.0,11,七宝老街,1248,参观民俗景点，品尝各色小吃，坐船泛舟水巷，品味古镇风情。,31.157835,121.361852,QibaoOldStreet,80,0.0
5d3ec0e20ef61211e4bf7938,上海,62.0,15,南翔古镇,506,看白墙黑瓦江南水乡，逛上海最大的江南园林古猗园,31.297143,121.313593,NanxiangAncientTown,92,0.0
5d3ec0e20ef61211e4bf7939,上海,70.0,1,上海中心大厦上海之巅观光厅,481,上海最高的观光厅，360度全视角欣赏上海魅力全景，实乃上海之巅,31.239112,121.512114,,86,0.0
5d3ec0e20ef61211e4bf793a,上海,263.0,9,世博会博物馆,144,,31.200096,121.487732,,100,0.0
5d3ec0e20ef61211e4bf793b,上海,16.0,46,米奇大街,423,全球迪士尼乐园中第一个以米奇和他的伙伴们为主题的迎宾大道。,31.148023,121.668048,,94,0.0
5d3ec0e20ef61211e4bf793c,上海,128.0,18,鲁迅故居,224,鲁迅先生生前最后的居所，陈列着许多先生用过的生活用品与写作用具。,31.275501,121.490442,LuXun'sFormerResidence,84,0.01
5d3ec0e20ef61211e4bf793d,上海,11.0,63,明日世界,259,充满未来感的园区，体验乐园内最急速惊险的过山车,31.147603,121.663682,,96,0.0
5d3ec0e20ef61211e4bf793e,上海,101.0,56,黄浦江,477,上海的地标河流，夜晚在江边散步或坐游船看两岸灯火。,31.248035,121.502512,,98,0.0
5d3ec0e20ef61211e4bf793f,上海,232.0,5,上海当代艺术馆,182,文艺青年喜爱的小众艺术馆，展出当代潮流艺术作品。,31.237335,121.479424,,92,0.0
5d3ec0e20ef61211e4bf7940,上海,90.0,26,上海城市历史发展陈列馆,369,穿越700年，寻觅老上海历史风情,31.245425,121.506282,,94,0.0
5d3ec0ec0ef61211e4bf7941,上海,198.0,8,上海展览中心,307,上海最早的会展场，建筑宏伟华丽，经常举办各种大型展览。,31.230952,121.459278,ShanghaiExhibitionCenter,92,0.02
5d3ec0ec0ef61211e4bf7942,上海,12.0,9,锦江乐园,1423,体验上海最高的摩天轮、刺激的过山车，与孩子一起看4D电影,31.145702,121.414948,,84,0.0
5d3ec0ec0ef61211e4bf7943,上海,25.0,20,上海世博园,661,参观后世博时代的世博园区，中华艺术宫看动态“清明上河图”，梅赛德斯奔驰文化中心看大型演唱会,31.192293,121.495348,,82,0.0
5d3ec0ec0ef61211e4bf7944,上海,86.0,41,中共一大会址,393,中国共产党的诞生地，可以看到诸多伟人的逼真蜡像。,31.22608,121.481627,TheSiteoftheFirstNationalCongressoftheCCP,88,0.01
5d3ec0ec0ef61211e4bf7945,上海,39.0,4,崇明岛国家地质公园,201,在这里可以赏日出日落、观候鸟，是上海城郊生态环境优美的度假胜地,31.732695,121.237953,ChongmingIslandNationalGeologicalPark,84,0.0
5d3ec0ec0ef61211e4bf7946,上海,29.0,47,探险岛,287,飞跃地平线，穿越雷鸣山，探秘远古部落。,31.149532,121.669372,,100,0.0
5d3ec0ec0ef61211e4bf7947,上海,189.0,1,寻梦园,104,,31.047305,121.096738,,86,0.0
5d3ec0ec0ef61211e4bf7948,上海,111.0,19,滴水湖,426,俯瞰像一个圆形水滴的人工湖，适合上海及周边游客周末自驾。,30.903653,121.947303,,86,0.0
5d3ec0ec0ef61211e4bf7949,上海,578.0,3,东方绿舟,868,适合休闲郊游、素质拓展的大型公园。,31.118208,121.015259,,88,0.0
5d3ec0ec0ef61211e4bf794a,上海,,0,火山鲸鲨馆,9,与拥有“星空之背”的庞大鲸鲨奇妙邂逅,30.920781,121.913718,,100,0.0
5d3ec0ef0ef61211e4bf794b,上海,74.0,54,滨江大道,744,与外滩隔江相望的人行步道，白天漫步江边，夜晚欣赏两岸的夜景,31.242359,121.502467,BinjiangAvenue,92,0.14
5d3ec0ef0ef61211e4bf794c,上海,2744.0,3,练塘古镇,59,集中于市河两侧，素墙碧瓦，幽巷曲径，具有鲜明的民族特色,31.013573,121.051569,,100,0.0
5d3ec0ef0ef61211e4bf794d,上海,41.0,73,淮海路,483,在淮海路商业街疯狂购物，夜晚感受霓虹灯下的浪漫情调,31.226507,121.471673,HuaihaiRoad,90,0.1
5d3ec0ef0ef61211e4bf794e,上海,8.0,1,上海马戏城,816,中国马戏第一城，有适合小朋友观看的《欢乐马戏》，也有享誉海外的《ERA时空之旅》。,31.284439,121.457945,ShanghaiCircusWorld,96,0.0
5d3ec0ef0ef61211e4bf794f,上海,143.0,139,城隍庙旅游区,4460,参观豫园和老城隍庙，品地道上海小吃和本帮菜。,31.232192,121.497846,,80,0.0
5d3ec0ef0ef61211e4bf7950,上海,87.0,34,宋庆龄故居纪念馆,381,繁华淮海路上闹中取静的一处，西式建筑风格优雅别致。,31.210427,121.445413,,86,0.01
5d3ec0ef0ef61211e4bf7951,上海,,0,钟书阁,149,坐落在泰晤士小镇的“最美书店”，对书情有独钟。,31.04037,121.201808,,60,0.0
5d3ec0ef0ef61211e4bf7952,上海,27.0,4,巧克力开心乐园,488,巧克力做成的城堡、老爷车、雕塑与卡通人物，让你大开眼界！还能亲手制作哦！,31.187916,121.481769,,86,0.0
5d3ec0ef0ef61211e4bf7953,上海,142.0,1,金茂大厦88层观光厅,420,上海著名观景平台，能在高空俯瞰繁华的魔都,31.241024,121.512231,,80,0.0
5d3ec0ef0ef61211e4bf7954,上海,53.0,11,张爱玲故居,154,弥漫着旧上海的陈腐气息，是民国才女张爱玲最后住所。,31.23101,121.454079,FormerResidenceofZhangAiling,84,0.02
5d3ec0f40ef61211e4bf7955,上海,264.0,0,95米高空VR过山车,0,一起尖叫一起飞，一起穿越陆家嘴！,31.2445201188,121.5071929863,95MVRRollerCoaster,0,0.0
5d3ec0f40ef61211e4bf7956,上海,54.0,5,上海戏剧学院,9,中国表演艺术摇篮之地。,31.217903,121.437258,,90,0.0
5d3ec0f40ef61211e4bf7957,上海,2.0,4,东平国家森林公园,928,去环园骑行、滑草、露营，在森林中自助烧烤也很有野趣。,31.689412,121.487208,,88,0.0
5d3ec0f40ef61211e4bf7958,上海,2742.0,1,金山嘴渔村,136,金山嘴渔村是上海市沿海陆地最早的渔村，也是上海最后一个渔村，滨临杭州湾畔，沪杭公路北侧。,30.738368,121.382644,,80,0.0
5d3ec0f40ef61211e4bf7959,上海,46.0,19,上海植物园,1045,上海市区的大花园，四季植被茂盛，是散步健身、花卉摄影的好去处,31.15431,121.451959,ShanghaiBotanicalGardens,92,0.0
5d3ec0f40ef61211e4bf795a,上海,2279.0,0,探索者长廊,0,“探索者长廊”位于科技馆二楼和三楼的公共空间墙面，以浅浮雕的艺术手段表现，介绍在人类文明史上留下不朽业绩的20位科学家及其主要成就。在过去的三千多年里，是他们的智慧改变了我们对世界的认识及生活的方式。,31.224219,121.548042,,0,0.0
5d3ec0f40ef61211e4bf795b,上海,4.0,52,宝藏湾,257,全球迪士尼乐园首个以海盗为主题的园区，和杰克船长一起冒险吧！,31.151303,121.66962,,98,0.0
5d3ec0f40ef61211e4bf795c,上海,14.0,2,上海大世界,168,,31.23433,121.485875,,80,0.0
5d3ec0f40ef61211e4bf795d,上海,56.0,36,黄浦江观光区,58,黄浦江是上海的地标河流，荟萃了上海城市夜景的精华，乘船夜游的好去处。,31.2387436143,121.4992519294,HuangpuRiver,90,0.04
5d3ec0f40ef61211e4bf795e,上海,,0,上海佛罗伦萨小镇,31,,31.202391,121.771214,,40,0.0
5d3ec1080ef61211e4bf795f,上海,209.0,22,老码头,338,南外滩的时尚新地标，可欣赏到石库门风格的建筑。,31.223975,121.51335,Oldwharf,92,0.0
5d3ec1080ef61211e4bf7960,上海,148.0,0,上海环球金融中心观光天阁,281,踏上100层的观光厅，将陆家嘴摩天大楼及浦江两岸美景尽收眼底。,31.239641,121.513473,,100,0.0
5d3ec1080ef61211e4bf7961,上海,,0,哥伦比亚公园,1,魔都新晋的摩洛哥风公园，度假感十足,31.216059,121.433423,,0,0.0
5d3ec1080ef61211e4bf7962,上海,,0,上海世茂精灵之城主题乐园,59,,31.064325,121.161584,,100,0.0
5d3ec1080ef61211e4bf7963,上海,2280.0,0,宇航天地,0,广袤的宇宙，繁星闪烁，充满了神秘感，它吸引着我们不断地去探索，宇航是人类永恒的话题。,31.224327,121.548055,,0,0.0
5d3ec1080ef61211e4bf7964,上海,278.0,2,上海国际时尚中心,7,,31.2778581028,121.563656178,,94,0.0
5d3ec1080ef61211e4bf7965,上海,32.0,57,衡山路,284,上海最大的酒吧街,31.206121,121.449293,HengshanLeisureStreet,90,0.02
5d3ec1080ef61211e4bf7966,上海,5.0,7,佘山国家森林公园,530,上海最高峰所在地，佘山天文台是看天文奇观的好去处。,31.100768,121.201907,,90,0.0
5d3ec1080ef61211e4bf7967,上海,223.0,2,上海昆虫博物馆,100,,31.199213,121.46285,,74,0.0
5d3ec1080ef61211e4bf7968,上海,244.0,9,共青国家森林公园,878,离市区最近的森林公园，踏青秋游、烧烤野营、骑马射箭好去处。,31.325266,121.557183,,90,0.0
5d3ec10b0ef61211e4bf7969,上海,560.0,3,豫园点春堂,77,点春堂，堂名出自苏轼的词句“翠点春妍”。曾为福建籍花糖洋货商人在沪祀神议事之所，俗称“花糖公墅”。整座建筑为五开间大厅，高敞轩昂。梁柱花纹造型奇特，饰以金箔，色彩鲜艳。堂后有临池水阁，上有匾额曰“飞飞跃跃”。现堂中挂晚清画家任伯年…,31.2332344055,121.4989083898,,94,0.0
5d3ec10b0ef61211e4bf796a,上海,2396.0,4,武康庭,87,,31.2130908966,121.4459577635,FergusonLane,100,0.0
5d3ec10b0ef61211e4bf796b,上海,6.0,41,小飞侠天空奇遇,125,可领取快速通行证。和小飞侠、奇妙仙子一起遨游天际,31.149604,121.664342,,82,0.0
5d3ec10b0ef61211e4bf796c,上海,156.0,8,广富林遗址文化公园,19,"不远的将来,追寻上海历史之根,探究海派文化之源,品味自然生态的“广富林文化遗址公园”,将成为上海市民人文旅游的重头戏。",31.068189,121.204525,,88,0.0
5d3ec10b0ef61211e4bf796d,上海,5.0,38,小熊维尼历险记,106,进入百亩森林，邂逅可爱的小熊维尼和他的朋友们，可领取快速通行证。,31.151768,121.665138,,74,0.0
5d3ec10b0ef61211e4bf796e,上海,,0,魔都矩阵,2,,31.252651,121.504804,,0,0.0
5d3ec10b0ef61211e4bf796f,上海,72.0,16,上海大观园,470,漫步大型仿古建筑群，置身《红楼梦》的仿真场景之中,31.079238,120.916634,,84,0.0
5d3ec10b0ef61211e4bf7970,上海,450.0,0,78米”更上·海”环动多媒体秀,0,打造真正240°环幕影院加上地幕效果，以大气磅礴的视觉效果，未来数字生活为理念，再现未来70年的上海城市生活，让观众获得身临其境的多维沉浸式体验和感受。,31.2445201188,121.5071929863,78MDynamicRingMultimediaShowofFutureShanghaiinOrientalPearlTower,0,0.0
5d3ec10b0ef61211e4bf7971,上海,49.0,19,梅赛德斯-奔驰文化中心,265,国内第一个可变容量的大型室内场馆，形似飞碟，曾举办过超大型演唱会和国际重要赛事。,31.1943,121.50008,Mercedes-BenzArena,90,0.0
5d3ec10b0ef61211e4bf7972,上海,4.0,4,大清邮局,108,,31.113177,121.060143,,96,0.0
5d3ec1140ef61211e4bf7973,上海,75.0,4,召稼楼,450,坐摇橹船游水巷，去礼园解读召稼楼历史文化。,31.080923,121.555614,,86,0.0
5d3ec1140ef61211e4bf7974,上海,2393.0,25,愚园路,138,繁华中的幽静，凝聚了诸多老上海故事的低调马路。,31.227868,121.444871,,94,0.0
5d3ec1140ef61211e4bf7975,上海,226.0,2,浦江郊野公园,81,,31.0611623157,121.5177300906,,90,0.0
5d3ec1140ef61211e4bf7976,上海,33.0,1,彭浦夜市,21,,31.3321299907,121.4498332871,,0,0.0
5d3ec1140ef61211e4bf7977,上海,64.0,35,世纪公园,1546,上海市内最大的生态公园，树木花草众多，休闲漫步的好去处。,31.221747,121.558238,CenturyPark,86,0.01
5d3ec1140ef61211e4bf7978,上海,,0,上海星空失恋博物馆,0,,31.234277,121.503796,,0,0.0
5d3ec1140ef61211e4bf7979,上海,2700.0,3,安亭老街,186,,31.307236,121.158084,,94,0.0
5d3ec1140ef61211e4bf797a,上海,118.0,8,上海新国际博览中心,261,上海新国际博览中心(SNIEC)是上海一个大型展览中心，位于浦东龙阳路2345号，1999年11月4日进行奠基，2001年11月2日正式开幕。上海新国际博览中心由多家国内及国外机构合作发展。,31.216439,121.574289,ShanghaiNewInternationalExpoCentre(SNIEC),98,0.0
5d3ec1140ef61211e4bf797b,上海,219.0,0,车入区,1,车入区为动物散放养展示形式，保持着“人在‘笼’中，动物自由”的展览模式，给动物更多的自由空间。使您身临其境的感受一群群斑马、羚羊、角马、犀牛等食草动物簇拥在一起悠闲觅食；又能领略猎豹、东北虎、非洲狮、熊、狼等大型猛兽“部落”展现…,31.062289,121.729571,,60,0.0
5d3ec1140ef61211e4bf797c,上海,55.0,3,月星环球港演艺空间,68,步入环球港四层的演艺空间，仿佛置身于艺术殿堂。,31.238861084,121.4184586133,,92,0.0
5d3ec11d0ef61211e4bf797d,上海,1681.0,0,奉新海滩,0,奉新海滩位于上海的南部杭州湾，属奉贤区奉新镇。,30.8203325323,121.5799107556,,0,0.0
5d3ec11d0ef61211e4bf797e,上海,65.0,30,中山公园,507,,31.228038,121.425897,,88,0.0
5d3ec11d0ef61211e4bf797f,上海,,0,峡谷漂流,0,险峻峡谷探秘,31.1038,121.221,,0,0.0
5d3ec11d0ef61211e4bf7980,上海,180.0,5,上海世博展览馆,63,,31.188398,121.496501,ShanghaiWorldExpoExhibition&ConventionCenter,94,0.0
5d3ec11d0ef61211e4bf7981,上海,6.0,4,松江美术馆,3,,31.0396565069,121.2044389609,,80,0.0
5d3ec11d0ef61211e4bf7982,上海,141.0,8,龙华寺,400,上海历史最久、规模最大的古刹，祈福十分灵验，还能品尝寺内正宗素斋面。,31.181625,121.45827,,86,0.0
5d3ec11d0ef61211e4bf7983,上海,,0,魔都探险乐园,0,,31.2543,121.458,,0,0.0
5d3ec11d0ef61211e4bf7984,上海,,0,南汇新城海滩,0,,30.8641586634,121.9266879939,,0,0.0
5d3ec11d0ef61211e4bf7985,上海,1615.0,0,黄浦江游览（十六铺码头）,954,从百年老码头出发，乘船尽览黄浦江畔的璀璨风光。,31.233287,121.505348,,100,0.0
5d3ec11d0ef61211e4bf7986,上海,2211.0,15,巴金故居,173,参观巴金生前起居、写作的房间。,31.215006,121.44723,FormerResidenceofBaJin,94,0.0
5d3ec1220ef61211e4bf7987,上海,246.0,1,淀山湖风景区,206,上海最大的天然淡水湖泊，也是母亲河黄浦江的源头，风光秀丽。,31.116903,120.959975,,92,0.0
5d3ec1220ef61211e4bf7988,上海,2330.0,0,生态万象,0,从酷热的赤道，到冰封的两极，从寒冷的高原，到漆黑的海底，无不演绎着生命的奇迹，形态万千的生物以及复杂多变的自然环境，一起构成了丰富多彩的生态系统。,31.241294,121.469083,,0,0.0
5d3ec1220ef61211e4bf7989,上海,96.0,0,海景海洋馆,25,上海的一所特色海洋馆。,31.2353246593,121.4749014682,,0,0.0
5d3ec1220ef61211e4bf798a,上海,1397.0,0,“龙船”浦江夜游,58,,31.2312492264,121.5079423098,,0,0.0
5d3ec1220ef61211e4bf798b,上海,269.0,3,国家会展中心,230,,31.196182,121.308524,NationalConventionandExhibitionCenter,0,0.0
5d3ec1220ef61211e4bf798c,上海,2254.0,0,空中舞台,0,面积超过1500平方米的“空中舞台”位于1933老场坊四楼，8米挑高的空中舞台的中央600平米面积悬空而设，全部用钢化玻璃制成，透明炫目，每平方玻璃可承重400千克。圆形穹顶的结构增加了视觉冲击，更具空间感。,31.260364,121.498999,,0,0.0
5d3ec1220ef61211e4bf798d,上海,60.0,0,上海影视乐园马勒别墅,0,色彩斑斓带着童话色彩的别墅，挪威式的尖塔、哥特式的尖顶、中国式的琉璃瓦、老虎窗、泰山面砖、彩色花砖.......,31.018111,121.31812,,0,0.0
5d3ec1220ef61211e4bf798e,上海,,0,浦江郊野公园奇迹花园,81,,31.053066,121.52415,,80,0.0
5d3ec1220ef61211e4bf798f,上海,219.0,7,猫的天空之城概念书店(新天地店),44,上海十大清新书店之一，可以寄明信片给未来的自己。,31.223776,121.481888,MoMiCafe,86,0.0
5d3ec1220ef61211e4bf7990,上海,83.0,13,上海邮政博物馆,352,历史悠久的邮政大楼，了解中国邮政发展史，参观有趣的邮政工具和邮票珍品。,31.250131,121.49136,,88,0.0
5d3ec1250ef61211e4bf7991,上海,144.0,2,金罗店美兰湖景区,96,,31.404775,121.361467,,86,0.0
5d3ec1250ef61211e4bf7992,上海,,0,东方明珠豪华浦江游船,26,,31.246281,121.503539,,0,0.0
5d3ec1250ef61211e4bf7993,上海,380.0,4,秋霞圃,213,由三座明代私家园林和邑庙合并而成的经典园林，是上海难得的赏枫胜地。,31.392449,121.259535,,92,0.0
5d3ec1250ef61211e4bf7994,上海,124.0,5,外滩情人墙,321,外滩情人墙是上海的一个著名景点，于黄浦公园至新开河的黄浦江边，全长约1700米，观光台建造在伸向浦江上的空箱式结构防汛墙上。,31.24449,121.497064,,100,0.0
5d3ec1250ef61211e4bf7995,上海,210.0,13,上海城市规划展示馆,374,观市区全景模型，赏360度环幕动画，让你迅速了解上海的建设历程与未来规划。,31.237343,121.482162,,90,0.0
5d3ec1250ef61211e4bf7996,上海,54.0,0,宝燕乐园（旗舰店）,33,,31.0938008404,121.4032966254,,0,0.0
5d3ec1250ef61211e4bf7997,上海,457.0,0,机器人世界,0,以简单的自动机械为基础的传统机器人技术开始转变为基于信息技术为基础的现代机器人技术。机器人的适用范围渗透到人类活动的各个领域。,31.224165,121.548092,,0,0.0
5d3ec1250ef61211e4bf7998,上海,493.0,1,上海喜玛拉雅中心,42,,31.2165565491,121.5683957243,,0,0.0
5d3ec1250ef61211e4bf7999,上海,173.0,1,阳光沙滩,106,“阳光沙滩”是老码头地区的一个配套景观设施，建在沿江平台上，面积约为三四个篮球场般大小，周边放置着舒适的躺椅。,31.2332767768,121.5049795622,,0,0.0
5d3ec1250ef61211e4bf799a,上海,2281.0,0,人与健康,0,想看一场人体模型的表演吗？想伴随着食物在消化道里进行一次有趣的历险吗？想对自己身体的运动情况进行一次完美的测试吗？请到“人与健康”来吧！,31.224303,121.548092,,0,0.0
5d3ec14a0ef61211e4bf799b,上海,212.0,1,紫海鹭缘爱情主题公园,37,紫海鹭缘浪漫庄园位于上海市崇明岛中北部，崇明东平国家森林公园东侧800米处。景区内野趣浓郁，紫海鹭缘以“薰衣草香薰，绿色，生态，环保”为特色，集生态观光、度假旅游、康复疗养、参与性娱乐等多功能为一体，是人们“回归大自然”的最佳胜地。…,31.679378,121.502728,,90,0.0
5d3ec14a0ef61211e4bf799c,上海,,0,儿童水上乐园俱乐部,0,,31.3998,121.501,,0,0.0
5d3ec14a0ef61211e4bf799d,上海,52.0,1,天主堂,3,,31.040186,121.200322,,74,0.0
5d3ec14a0ef61211e4bf799e,上海,,0,1192弄老上海风情街,25,,31.233406,121.533778,,60,0.0
5d3ec14a0ef61211e4bf799f,上海,69.0,40,鲁迅公园,546,鲁迅先生曾经常来此散步，瞻仰鲁迅先生之墓，了解他的生平。,31.277458,121.489991,,90,0.01
5d3ec14a0ef61211e4bf79a0,上海,68.0,2,上海大自然野生昆虫馆,563,国内首批活体昆虫展示馆之一，投食喂锦鲤，观赏蝴蝶标本。,31.246055,121.504313,,88,0.0
5d3ec14a0ef61211e4bf79a1,上海,187.0,9,绍兴路,60,上海最具书香气息的马路，遍布众多知名杂志社和安静神秘的画廊。,31.2153873444,121.4703038869,,88,0.0
5d3ec14a0ef61211e4bf79a2,上海,2348.0,0,关圣殿,0,"关帝殿正中供奉的是关帝。关帝就是三国时代名将关羽，又名关云长。二边是他的侍从周仓将军和他的义子关平。关羽的一生集中了忠孝节义等崇高美德，从宋代起受到历代皇朝的封赐。
关帝具有管理命禄、保佑科举、治病除灾、驱邪辟恶、诛罚叛逆、巡察冥…",31.231994,121.498188,,0,0.0
5d3ec14a0ef61211e4bf79a3,上海,449.0,1,上海交通大学(闵行校区),1,上海交通大学闵行校区是上海交通大学的校区之一，位于上海市闵行区东川路800号，校区毗邻华东师范大学闵行校区，占地面积约309.25公顷（4638.75亩）。,31.031583,121.442614,,0,0.0
5d3ec14a0ef61211e4bf79a4,上海,125.0,3,上海工艺美术博物馆,124,被称为“小白宫”，可以参观雕刻、刺绣等民间艺术制作。,31.216594,121.460723,,100,0.0
5d3ec1500ef61211e4bf79a5,上海,17.0,15,上海大剧院,331,设施先进的剧场，高雅的艺术演出，是上海艺术文化的殿堂。,31.235443,121.478393,,94,0.01
5d3ec1500ef61211e4bf79a6,上海,82.0,4,玉佛禅寺,279,欣赏慧根法师从缅甸请回的两尊玉佛，烧香祈福十分灵验。,31.24748,121.451583,,88,0.0
5d3ec1500ef61211e4bf79a7,上海,109.0,13,巨鹿路,43,汇集诸多潮流时尚店铺，陈冠希也将自己的潮牌Juice开在这里，是大陆首家。,31.229671,121.475204,,90,0.0
5d3ec1500ef61211e4bf79a8,上海,,0,上海失恋博物馆,4,,31.242423,121.490209,,0,0.0
5d3ec1500ef61211e4bf79a9,上海,,0,海底世界馆,5,一个充满童趣和梦幻色彩的未来世界,30.920781,121.913718,,80,0.0
5d3ec1500ef61211e4bf79aa,上海,2326.0,1,步行区,1,步行区，让您在寓教于乐中进一步了解动物朋友。不仅可以观赏到大熊猫、非洲象、亚洲象、长颈鹿、黑猩猩、长臂猿、狐猴、火烈鸟、朱鹮等众多珍稀野生动物，更有诸多特色的动物行为展示和互动体验呈现。,31.060062,121.723966,,60,0.0
5d3ec1500ef61211e4bf79ab,上海,618.0,3,新华路,39,长宁区的“万国弄堂”，在梧桐树下漫步上海优秀历史建筑。,31.210265,121.430411,,100,0.0
5d3ec1500ef61211e4bf79ac,上海,177.0,14,九曲桥,399,九曲桥实为七曲桥，从池边到池中心的湖心亭，只有七个曲。九曲桥九曲十八弯，且每个弯曲的角度大小不一，有大于90度直角的，也有小于90度直角的。九曲桥如今的桥面为花岗石板，每一弯曲处一块石板上均雕刻一朵季节性花朵，如正月水仙、二月杏花、三…,31.232402,121.498444,,94,0.0
5d3ec1500ef61211e4bf79ad,上海,384.0,6,巴金寓所,12,"著名作家巴金在这幢房子三楼，从1937年起生活了18年，在这里完成了他的代表作《激流》三部曲的后二部《春》、《秋》和名著《寒夜》的写作。解放后,又写出了《我们会见了彭德怀司令员》一文，编写了《英雄的故事》小说集等。",31.2231835472,121.4663165851,,94,0.0
5d3ec1500ef61211e4bf79ae,上海,164.0,32,人民公园,567,园内以植物造景为主，提倡生物多样性。,31.237906,121.479466,ShanghaiRenminPark,84,0.01
5d3ec1600ef61211e4bf79af,上海,556.0,8,大韩民国临时政府旧址,47,,31.2234706879,121.4815253599,,84,0.01
5d3ec1600ef61211e4bf79b0,上海,,0,浦东新区,1,,31.318952,121.863326,,100,0.0
5d3ec1600ef61211e4bf79b1,上海,,0,水上乐园售票处,0,,31.3274,121.442,,0,0.0
5d3ec1600ef61211e4bf79b2,上海,2275.0,0,松鼠猴生态园,0,,31.060929,121.724879,,0,0.0
5d3ec1600ef61211e4bf79b3,上海,316.0,0,蜘蛛展,0,这是一个由美国提供的独特展览，集知识、趣味、时尚于一体。展览共分为走近蜘蛛、体验蜘蛛的生活、交配和繁殖、编织蛛网及蜘蛛的毒液五个部分，展现了蜘蛛如何以自己独特的方式解决觅食、躲避危险、求偶和繁衍后代这些基本问题。,31.224349,121.548092,,0,0.0
5d3ec1600ef61211e4bf79b4,上海,2349.0,0,太岁殿,0,元辰殿供奉的是六十位太岁神。太岁神是太岁星神。中国人以天干地支来纪年，以六十个干支为一个循环。天上有六十个太岁星，因此，就有六十位太岁神。每位太岁神都分管当年的运势，也分管当年出生的人的运势。太岁神是同每个人的命运直接有关的神灵。,31.231994,121.498188,,0,0.0
5d3ec1600ef61211e4bf79b5,上海,356.0,1,上海财经大学,60,,31.3105278015,121.5064341506,,90,0.0
5d3ec1600ef61211e4bf79b6,上海,379.0,4,爱庐,18,蒋介石与宋美龄结婚时，宋美龄的陪嫁“爱庐”，现在属于Sasha’s西餐厅和上海音乐学院中等音乐专科学校。,31.2147388458,121.4565718996,,84,0.0
5d3ec1600ef61211e4bf79b7,上海,24.0,1,上海话剧艺术中心,108,上海话剧艺术中心是上海唯一一家国家级专业话剧团体，也是中国最优秀的话剧团体之一。,31.2201,121.447687,,100,0.0
5d3ec1600ef61211e4bf79b8,上海,97.0,2,上海国际赛车场,237,,31.345736,121.232876,,92,0.0
5d3ec16a0ef61211e4bf79b9,上海,8.0,6,课植园,148,朱家角的园林胜景，漫步于曲径或小憩于水榭，在园林小景中享受恬静惬意。,31.11952,121.059973,,88,0.0
5d3ec16a0ef61211e4bf79ba,上海,146.0,18,上海图书馆,407,上海图书馆位于上海市徐汇区淮海中路，是上海市综合性研究型公共图书馆和行业情报中心，也是全国文化信息资源共享工程上海市分中心、文化部公共文化研究基地，是首批国家重点古籍保护单位。,31.214166,121.451314,ShanghaiLibrary,82,0.0
5d3ec16a0ef61211e4bf79bb,上海,5.0,1,朱家角人文艺术馆,18,,31.1153507233,121.0622168639,,100,0.0
5d3ec16a0ef61211e4bf79bc,上海,,0,沙滩游乐场,0,,30.8196,121.527,,0,0.0
5d3ec16a0ef61211e4bf79bd,上海,,0,copystars亲子撕名牌蹦床基地(青浦店),0,,31.1648492555,121.1225287347,,0,0.0
5d3ec16a0ef61211e4bf79be,上海,22.0,0,醒来死亡体验馆,5,,31.2165992877,121.5018812951,,0,0.0
5d3ec16a0ef61211e4bf79bf,上海,2329.0,0,人地之缘,0,从茹毛饮血，到刀耕火种，人类文明的发展历史也就是认识自然的历史。,31.241294,121.469083,,0,0.0
5d3ec16a0ef61211e4bf79c0,上海,53.0,0,斯凯岛,0,,31.038179,121.207886,,0,0.0
5d3ec16a0ef61211e4bf79c1,上海,92.0,2,上海音乐学院,55,,31.2195396423,121.4606948725,,80,0.0
5d3ec16a0ef61211e4bf79c2,上海,107.0,0,三甲港海滨乐园,145,上海三甲港海滨乐园位于上海华厦文化旅游开发区，长江之口，东海之滨，毗邻浦东国际机场，是浦东新区唯一可开发利用的生活海岸线，天高地阔，空气清新，水天相交，风光旖旎，自然条件得天独厚。,31.218298,121.776784,,74,0.0
5d3ec16e0ef61211e4bf79c3,上海,178.0,8,上海古城墙,70,,31.2309017181,121.491994691,,100,0.0
5d3ec16e0ef61211e4bf79c4,上海,76.0,7,步高里,101,,31.2129802704,121.4691216454,,94,0.0
5d3ec16e0ef61211e4bf79c5,上海,,0,游泳一票通(闸北游泳馆),0,,31.2604,121.472,,0,0.0
5d3ec16e0ef61211e4bf79c6,上海,,0,欢乐岛水上乐园,0,,31.3556404962,121.5941718875,,0,0.0
5d3ec16e0ef61211e4bf79c7,上海,1586.0,0,“快乐船长”黄浦江游船,420,黄浦江上的高端游船，外形内饰有创意，餐饮服务质量高。,31.230723,121.508566,,0,0.0
5d3ec16e0ef61211e4bf79c8,上海,2236.0,2,洋山深水港,84,,30.642698,122.073739,,100,0.0
5d3ec16e0ef61211e4bf79c9,上海,1629.0,0,探险者世界,68,,31.2346534729,121.479982377,,0,0.0
5d3ec16e0ef61211e4bf79ca,上海,2711.0,9,外滩万国建筑博览群,208,外滩最华丽的风景带，欣赏各国建筑，回味上海滩的百年历史。,31.244915,121.495818,,96,0.0
5d3ec16e0ef61211e4bf79cb,上海,9.0,2,星球大战远征基地,56,尽情沉醉于《星球大战》故事之中，甚至还可一睹《星球大战：原力觉醒》中角色人物的风采！,31.14686203,121.6635709097,,0,0.0
5d3ec16e0ef61211e4bf79cc,上海,297.0,7,孙中山故居纪念馆,274,孙中山和宋庆龄唯一共同的住所，老上海小洋房十分精致。,31.222108,121.474213,,90,0.0
5d3ec1770ef61211e4bf79cd,上海,274.0,2,韩湘水博园,184,,30.990439,121.335814,,78,0.0
5d3ec1770ef61211e4bf79ce,上海,,0,华东师范大学,10,,31.23503,121.408831,EastChinaNormalUniversity,80,0.0
5d3ec1770ef61211e4bf79cf,上海,120.0,1,田子坊艺术中心,83,由上海最具特色的石库门里弄演变而来，位于浦西，堪称很小资的地点之一。,31.2138881683,121.4760394806,,0,0.0
5d3ec1770ef61211e4bf79d0,上海,102.0,6,山阴路,54,山阴路当年是英、法租界当局为了扩大租界面积越界修筑到华界的公路。现在，山阴路上仍然保存着上海弄堂、溧阳路日式别墅等旧时代民居，汇集了上世纪二三十年代住宅的各种类型。,31.2726364136,121.4914184188,,70,0.0
5d3ec1770ef61211e4bf79d1,上海,458.0,0,探索之光,0,"如果说""智慧之光""展区反映了19世纪人类对自然科学的认识，那么""探索之光""展区就是一个反映20世纪科技光辉的展区。在这个展区里我们将要展示包括量子论、相对论、物质结构、基因技术、核能、激光等20世纪的最重要科技成就。",31.224303,121.548092,,0,0.0
5d3ec1770ef61211e4bf79d2,上海,396.0,3,金陵东路,2,金陵东路位于上海市黄浦区浦西中南部，东起中山东一路外滩，西至西藏中路、西藏南路，南靠人民路、淮海东路，北沿汉口路。,31.232437,121.486355,,80,0.0
5d3ec1770ef61211e4bf79d3,上海,2087.0,0,上海科技发展展示馆,23,,31.2243461609,121.4735895843,,0,0.0
5d3ec1770ef61211e4bf79d4,上海,1595.0,0,上海海洋大学鱼文化博物馆(军工路校区),7,,31.292600235,121.5630535723,,0,0.0
5d3ec1770ef61211e4bf79d5,上海,611.0,2,东林寺,180,七百年来香火长旺，有亚洲最高的室内千手观音圣像。,30.900372,121.172304,,94,0.0
5d3ec1770ef61211e4bf79d6,上海,251.0,2,上海笔墨博物馆,176,馆藏众多名人用过的毛笔以及罕见的特长“狼毫”，了解笔墨文化历史。,31.239473,121.489013,,96,0.0
5d3ec17b0ef61211e4bf79d7,上海,426.0,0,永定寺,2,,31.1191247124,121.5960494416,,80,0.0
5d3ec17b0ef61211e4bf79d8,上海,134.0,18,顾村公园,1273,花木茂盛的公园，每到春天樱花季赏樱有人络绎不绝。,31.344263,121.374831,GucunPark,84,0.0
5d3ec17b0ef61211e4bf79d9,上海,95.0,1,上海犹太难民纪念馆,298,国内唯一反映二战时期犹太难民生活的历史遗迹。,31.259734,121.515809,ShanghaiJewishrefugeeMemorial,94,0.0
5d3ec17b0ef61211e4bf79da,上海,573.0,3,文庙,229,漫步在上海市区唯一的孔庙，感受儒家气息。周日旧书市场能让你淘到爱书。,31.223861,121.49443,,100,0.0
5d3ec17b0ef61211e4bf79db,上海,77.0,43,寒山寺,8,寒山寺已有近374年历史。明朝天启四年，杨军门夫人朱氏自苏州驾小船来到崇明。朱氏在岛上削发为尼，法名颠修，建寺名寒山寺，供寒山拾得二像。原寒山寺北至护城河（现崇明中学马路），南至人民路，西至护城河沿界（农业大楼），东至旧大校场（现向…,31.6304013168,121.4080510142,,88,0.0
5d3ec17b0ef61211e4bf79dc,上海,151.0,2,长兴岛,127,,31.395687,121.70025,,80,0.0
5d3ec17b0ef61211e4bf79dd,上海,395.0,2,上海外国语大学（松江校区）,56,,31.0527267456,121.2313169632,,96,0.0
5d3ec17b0ef61211e4bf79de,上海,388.0,5,世博中心,6,,31.1816028719,121.476079496,,80,0.0
5d3ec17b0ef61211e4bf79df,上海,694.0,1,浦江游览,315,,31.2331256866,121.505370943,,40,0.0
5d3ec17b0ef61211e4bf79e0,上海,,0,迪士尼·皮克斯玩具总动员,27,,31.149491,121.663191,,60,0.0
5d3ec1840ef61211e4bf79e1,上海,,0,真如古镇,44,,31.251438791,121.4089784697,,90,0.0
5d3ec1840ef61211e4bf79e2,上海,340.0,0,上海国际赛车场卡丁车场SICKARTLAND,2,,31.3370316776,121.2289513291,,0,0.0
5d3ec1840ef61211e4bf79e3,上海,2081.0,0,奉贤博物馆,56,,30.9233703613,121.4834445295,,0,0.0
5d3ec1840ef61211e4bf79e4,上海,2377.0,2,大隐书局,2,徐家汇一家满是旧时光和小资情调的地方，大隐隐于市，在这里适合读书品茶。,31.210914,121.445083,,100,0.0
5d3ec1840ef61211e4bf79e5,上海,3.0,6,星愿公园,125,星愿公园坐落于热闹的迪士尼小镇旁，可沿着2.5公里的步行道，漫步在这片令人惊叹的湿地美景中，放松身心。不论是想探索星愿公园的林地，还是观赏种植着各种中西方玫瑰及花卉的花园，或者惊叹于云集小鸟和蝴蝶的缤纷之地，都能在此得到满足，释放童…,31.144329071,121.6707685359,,76,0.0
5d3ec1840ef61211e4bf79e6,上海,208.0,3,上海铁路博物馆,91,参观与火车有关的各种器材设备，还有精美的火车头模型和真实老式火车头。,31.255928,121.482776,,94,0.0
5d3ec1840ef61211e4bf79e7,上海,554.0,40,南浦大桥,73,南浦大桥（NanpuBridge）是中国上海市境内连接黄浦区与浦东新区的过江通道，位于黄浦江水道之上，为上海内环高速架路组成部分之一。,31.2116445743,121.5099341809,NanpuBridge,90,0.01
5d3ec1840ef61211e4bf79e8,上海,,0,世茂HelloKitty上海滩时光之旅,4,,31.2404353157,121.4823769868,,0,0.0
5d3ec1840ef61211e4bf79e9,上海,370.0,0,Y&Y创意真人密室逃脱馆,0,Y&Y创意真人密室逃脱馆位于上海市黄浦区南京东路409号（南京路步行街）置地广场1505。,31.242011,121.488915,,0,0.0
5d3ec1840ef61211e4bf79ea,上海,,0,峡谷漂流,0,险峻峡谷探秘,31.1038,121.221,,0,0.0
5d3ec1870ef61211e4bf79eb,上海,543.0,0,上海名人蜡像馆,0,,31.2673995391,121.2191531542,,0,0.0
5d3ec1870ef61211e4bf79ec,上海,392.0,9,紫藤园,226,,31.384864,121.265131,,96,0.0
5d3ec1870ef61211e4bf79ed,上海,580.0,2,静安别墅,202,上海最大的新式里弄住宅群，曾有很多名门望族居住于此。,31.233855,121.464448,,0,0.0
5d3ec1870ef61211e4bf79ee,上海,,0,南极企鹅馆,12,与萌萌哒企鹅亲密接触,30.921919,121.9131,,60,0.0
5d3ec1870ef61211e4bf79ef,上海,,0,浦东机场博物馆(浦东机场T2店),17,,31.1529857631,121.8184337997,,0,0.0
5d3ec1870ef61211e4bf79f0,上海,,0,冰雪主题乐园,0,,31.2117,121.609,,0,0.0
5d3ec1870ef61211e4bf79f1,上海,,0,上海虹桥站-西广场,26,,31.2003,121.324,,0,0.0
5d3ec1870ef61211e4bf79f2,上海,,0,南上海水上乐园,0,,30.9321676334,121.7005575862,,0,0.0
5d3ec1870ef61211e4bf79f3,上海,783.0,1,艺仓美术馆,35,,31.2221834718,121.5189942894,,70,0.0
5d3ec1870ef61211e4bf79f4,上海,360.0,0,恐龙公园,0,,31.1689891294,121.6288835935,,0,0.0
5d3ec18b0ef61211e4bf79f5,上海,188.0,0,杜月笙故居,21,杜月笙公馆，也叫首席公馆，是一座上海市政府重点保护的“优秀历史建筑”，原为汇丰银行买办席鹿笙的父亲所建，后才成为杜月笙膝下公馆之一。,31.2306711967,121.4798849844,,20,0.0
5d3ec18b0ef61211e4bf79f6,上海,216.0,0,宁国禅寺,49,,31.1260032654,121.4561313539,,0,0.0
5d3ec18b0ef61211e4bf79f7,上海,2291.0,1,内园,0,内园建于清康熙四十八年（1709年），五十年代末修复豫园时，把内园与豫园相连，成为园中之园。内园面积仅二亩一分八厘六毫，但十分精致，亭台花木，池沼木石，妥为修整，是保存较好的清代小园。,31.232106,121.499228,,0,0.0
5d3ec18b0ef61211e4bf79f8,上海,2331.0,0,大地探珍,0,矿物和岩石不仅构成了岩石圈，更忠实记录了地球几十亿年的演化与变迁。拂去岁月的尘埃，凝聚了天地精华的地质宝藏，点燃了人类文明的火把，散发着永恒的光芒。,31.241294,121.469083,,0,0.0
5d3ec18b0ef61211e4bf79f9,上海,84.0,0,上海名人蜡像馆,2,上海名人蜡像馆位于嘉定区博园路上，馆内展出面积近2500平，馆内展出的蜡像100多尊。,31.267672,121.219416,,0,0.0
5d3ec18b0ef61211e4bf79fa,上海,1792.0,0,虹桥天地演艺中心,23,,31.1996635974,121.3222319942,,80,0.0
5d3ec18b0ef61211e4bf79fb,上海,4.0,1,赵行公园,36,,31.1495452154,121.6705636806,,60,0.0
5d3ec18b0ef61211e4bf79fc,上海,21.0,86,北京东路,71,上海开埠初英租界开辟的直通黄浦江的干道之一,31.2457122803,121.4882531296,,86,0.0
5d3ec18b0ef61211e4bf79fd,上海,,0,三亚乐海游艇俱乐部,0,,31.2311,121.447,,0,0.0
5d3ec18b0ef61211e4bf79fe,上海,2144.0,3,安福路,28,充满艺术气息的安福路，上海话剧艺术中心坐落于此。,31.220705,121.451584,,100,0.0
5d3ec18e0ef61211e4bf79ff,上海,562.0,20,鲁迅纪念馆,179,参观鲁迅先生生前的衣物、生活用品、手稿书信等珍贵藏品。,31.275502,121.490446,,82,0.0
5d3ec18e0ef61211e4bf7a00,上海,570.0,3,世博场馆沙特阿拉伯馆,5,,31.1940413694,121.502400277,,72,0.0
5d3ec18e0ef61211e4bf7a01,上海,6.0,3,明珠湖公园,154,,31.743894,121.263483,,80,0.0
5d3ec18e0ef61211e4bf7a02,上海,10.0,3,方塔园,243,环境优雅的园林，可见宋代方塔、明代砖雕照壁、清代天妃宫等景点。,31.010392,121.253011,,82,0.0
5d3ec18e0ef61211e4bf7a03,上海,,0,顾村公园水上乐园,0,,31.345,121.37,,0,0.0
5d3ec18e0ef61211e4bf7a04,上海,,0,EXIT真人密室逃脱(EXIT真人密室逃脱),0,,31.1825,121.449,,0,0.0
5d3ec18e0ef61211e4bf7a05,上海,,0,victory真人密室逃脱,0,,31.272866749,121.487478816,,0,0.0
5d3ec18e0ef61211e4bf7a06,上海,1075.0,0,外滩彩色雨屋幻影公园,23,,31.233268757,121.5049915662,,0,0.0
5d3ec18e0ef61211e4bf7a07,上海,123.0,2,南京路世纪广场,103,,31.2411460876,121.4862852863,,66,0.0
5d3ec18e0ef61211e4bf7a08,上海,1773.0,0,上海音乐学院附中,32,,31.2199745178,121.4611240585,,0,0.0
5d3ec1910ef61211e4bf7a09,上海,2232.0,1,东华大学,183,,31.2095241547,121.4210549335,,0,0.0
5d3ec1910ef61211e4bf7a0a,上海,2242.0,1,万佛阁,70,,30.9249324799,121.6530078742,,100,0.0
5d3ec1910ef61211e4bf7a0b,上海,2255.0,1,牛道,1,便于动物行走的牛道经过特别的防滑设计，道面粗糙不平，配合有分流作用的廊桥，使整个生产工艺井然有序。如今的1933老场坊依然保留了这一原先的建筑特色，游客拾步而上，依稀间仍可感受七十多年前的风貌。,31.260449,121.498473,,60,0.0
5d3ec1910ef61211e4bf7a0c,上海,2277.0,0,节尾狐猴园,0,,31.058909,121.726073,,0,0.0
5d3ec1910ef61211e4bf7a0d,上海,236.0,0,九龙池,0,院中池水通向南面小池，池内砌湖石，石隙间有四条石雕小龙，而水中倒影亦为四条，加上蜿蜒的池水酷似龙身，共为9条，故名九龙池。,31.232439,121.498857,,0,0.0
5d3ec1910ef61211e4bf7a0e,上海,57.0,0,泰晤士小镇-等车雕像,1,,31.038149,121.204733,,80,0.0
5d3ec1910ef61211e4bf7a0f,上海,61.0,0,上海影视乐园里弄老城厢,1,如果您想过过乘黄包车的瘾，不妨让旧上海的“祥子”带你到毗邻南京路的“天香里”或上海老街转一圈。,31.017558,121.317922,,60,0.0
5d3ec1910ef61211e4bf7a10,上海,2350.0,0,霍光殿,0,城隍庙的大殿供奉的主神是金山神主霍光。霍光是汉代的大臣、政治家，曾经为汉武帝辅政。,31.231994,121.498188,,0,0.0
5d3ec1910ef61211e4bf7a11,上海,2351.0,0,祈福殿,0,念念不忘，必有回响。诚心许下心里的愿望，愿你的愿望都能实现。,31.231994,121.498188,,0,0.0
5d3ec1910ef61211e4bf7a12,上海,2383.0,3,青西郊野公园,52,,31.063874191,121.0147924204,,0,0.0
5d3ec1940ef61211e4bf7a13,上海,221.0,4,法租界警务处暨中央捕房旧址,9,这是上海的两个租界之一（另一个是上海公共租界），主要坐落上海市的卢湾区（已并入黄浦）和徐汇区两区内，东部狭长地带则伸入今黄浦区。,31.215699544,121.4756591745,,100,0.0
5d3ec1940ef61211e4bf7a14,上海,2747.0,0,滨海公园(新城路店),11,,30.7128090533,121.3516285019,,90,0.0
5d3ec1940ef61211e4bf7a15,上海,68.0,1,爱思儿童公园,22,,31.2634657191,121.4929712648,,90,0.0
5d3ec1940ef61211e4bf7a16,上海,2218.0,1,襄阳公园,164,,31.222782135,121.4632574427,,100,0.0
5d3ec1940ef61211e4bf7a17,上海,,0,上海酷森足球中心,0,,31.2907796334,121.666732206,,0,0.0
5d3ec1940ef61211e4bf7a18,上海,167.0,2,西岸艺术中心,57,,31.1737088543,121.4692664533,,80,0.0
5d3ec1940ef61211e4bf7a19,上海,28.0,3,上海音乐厅,309,"日场票:周日至周四10:00am-6:00pm周五至周六9:00am-7:00pm
50元日场优惠票:周日至周四10:00am-6:00pm周五至周六9:00am-7:00pm
25元学生票（出示有效学生证）
优惠票70岁以上老人、退伍军人、离休干部、残疾人（出示有效证件）：
优惠票会员票…",31.233007431,121.4841785468,ShanghaiConcertHall,82,0.0
5d3ec1940ef61211e4bf7a1a,上海,569.0,5,上海滨江森林公园,260,观江景、看夕阳，或是在林中漫步，春季赏杜鹃花，夏季可欣赏湿地植物。,31.38897,121.534393,,86,0.0
5d3ec1940ef61211e4bf7a1b,上海,93.0,4,长风公园,707,“勇敢者道路”很受青少年喜爱；长风海洋世界在园内。,31.230871,121.406081,ChangfengPark,92,0.0
5d3ec1940ef61211e4bf7a1c,上海,245.0,1,鹤鸣楼,106,,31.1976833344,121.7067482905,,78,0.0
5d3ec19f0ef61211e4bf7a1d,上海,689.0,7,东海大桥,50,,30.7265644073,121.9855053326,,100,0.0
5d3ec19f0ef61211e4bf7a1e,上海,,0,安亭,4,,31.300196,121.170744,,0,0.0
5d3ec19f0ef61211e4bf7a1f,上海,,0,摩天轮游乐园,1,,31.2690472494,121.0831448559,GiantWheelParkofSuzhou,0,0.0
5d3ec19f0ef61211e4bf7a20,上海,,0,海洋生态馆,0,,31.2305,121.404,,0,0.0
5d3ec19f0ef61211e4bf7a21,上海,,0,游乐园,0,,31.1173,121.283,,0,0.0
5d3ec19f0ef61211e4bf7a22,上海,,0,亲子游乐园,0,,31.1467,121.318,,0,0.0
5d3ec19f0ef61211e4bf7a23,上海,,0,万达广场-娱乐楼,0,,31.1209,121.577,,0,0.0
5d3ec19f0ef61211e4bf7a24,上海,,0,doki鬼屋,0,,31.2424,121.49,,0,0.0
5d3ec19f0ef61211e4bf7a25,上海,,0,观光巴士停靠点,0,,31.2407,121.482,,0,0.0
5d3ec19f0ef61211e4bf7a26,上海,,0,上海海事大学,28,,30.8810195923,121.9118579181,,0,0.0
5d3ec1a20ef61211e4bf7a27,上海,731.0,0,品欢相声会馆(老庙店),22,,31.2325111211,121.4974923273,,0,0.0
5d3ec1a20ef61211e4bf7a28,上海,840.0,0,百年沧桑陈列馆,54,,31.2450688855,121.5066017747,,0,0.0
5d3ec1a20ef61211e4bf7a29,上海,52.0,0,泰迪熊主题乐园,4,上海一家以泰迪熊为主题的玩乐馆。,31.1500781608,121.3532542475,,0,0.0
5d3ec1a20ef61211e4bf7a2a,上海,1171.0,0,欧洲主题小镇,5,,31.1897167252,121.4923002794,,0,0.0
5d3ec1a20ef61211e4bf7a2b,上海,53.0,1,都市观光旅游巴士,133,本土双层敞篷观光巴士品牌，全面欣赏上海最著名的景点，轻松出游。,31.246176,121.497156,,0,0.0
5d3ec1a20ef61211e4bf7a2c,上海,1912.0,0,上海地铁博物馆,63,,31.175206,121.372816,,60,0.0
5d3ec1a20ef61211e4bf7a2d,上海,47.0,1,醉白池,306,上海最古老的园林，参观经典明清建筑，欣赏各种名人石刻。,31.007731,121.237508,,100,0.0
5d3ec1a20ef61211e4bf7a2e,上海,2282.0,0,院士长廊,0,院士们好似刚刚结束一次盛大的学术会议，在热烈的交谈中一同步出大会堂向你走来，充分体现出院士们亲切、睿智的风采。,31.224342,121.548074,,0,0.0
5d3ec1a20ef61211e4bf7a2f,上海,2376.0,2,老房子艺术中心,0,坐落于武康路，附近都是风格各异的老房子。原黄兴故居，里面陈列了许多优秀历史建筑模型，还不时举办画展、摄影展，是文艺青年的好去处。,31.212306,121.445612,,0,0.0
5d3ec1a20ef61211e4bf7a30,上海,427.0,0,儿童动物园,7,,31.1999783935,121.3694848491,,80,0.0
5d3ec1a50ef61211e4bf7a31,上海,2705.0,0,曦潮书店,1,曦潮书店位于上海交通大学华联生活中心，闹中取静，别有洞天。走进曦潮，在喧嚣的电子时代去领略纸质书温润的触感，感受爱书人的天堂。,31.02971,121.437763,,100,0.0
5d3ec1a50ef61211e4bf7a32,上海,494.0,0,太阳岛沙滩,0,,31.0374584198,121.0893764751,,0,0.0
5d3ec1a50ef61211e4bf7a33,上海,,0,动漫世界,0,,31.2457311726,121.4453835083,,0,0.0
5d3ec1a50ef61211e4bf7a34,上海,227.0,1,上海大码头影视基地,6,,31.3834876739,121.5083958906,,100,0.0
5d3ec1a50ef61211e4bf7a35,上海,2255.0,0,萤火虫亲子悦读馆,9,,31.2725505829,121.4913157203,,50,0.0
5d3ec1a50ef61211e4bf7a36,上海,110.0,9,福州路文化街,252,,31.2396125793,121.4890665263,,88,0.01
5d3ec1a50ef61211e4bf7a37,上海,237.0,9,复兴公园,235,,31.223102,121.475527,FuxingPark,90,0.0
5d3ec1a50ef61211e4bf7a38,上海,588.0,5,曲水园,173,漫步在绿荫和花香中，感受古典园林的幽静与清凉。,31.154823,121.120397,,90,0.0
5d3ec1a50ef61211e4bf7a39,上海,175.0,10,静安公园,247,,31.227897644,121.4525956719,,94,0.0
5d3ec1a50ef61211e4bf7a3a,上海,271.0,1,金山嘴老街,23,,30.738410375,121.3827293227,,80,0.0
5d3ec1a80ef61211e4bf7a3b,上海,665.0,1,复旦大学江湾校区,24,,31.3411369324,121.5155746473,,100,0.0
5d3ec1a80ef61211e4bf7a3c,上海,666.0,1,金色滩涂,1,"崇明岛地处江海交界之处，长江下泄泥沙在岛周围形成了巨大的滩涂,此为崇明得天独厚之处。1956到1984年崇明岛共围垦土地612560.7亩。1984年，高度在0米以上的滩涂有42万余亩，其中在吴淞标高2米以上的20.55万亩，标高3.2米以上的13.6万亩，标高3.6米…",30.8233645763,121.5628729233,,100,0.0
5d3ec1a80ef61211e4bf7a3d,上海,240.0,1,光明瑞华果园,45,,31.8181591034,121.3359027102,,80,0.0
5d3ec1a80ef61211e4bf7a3e,上海,129.0,1,上海四行仓库抗战纪念馆,80,四行仓库抗战纪念馆，位于上海市静安区（原闸北区）光复路1号。2015年08月13日，在淞沪会战78周年纪念日之际，作为上海唯一的战争遗址类爱国主义教育基地落成开馆。,31.246263,121.477852,,100,0.0
5d3ec1a80ef61211e4bf7a3f,上海,,0,上海中华艺术宫下沉广场,0,,31.1913456311,121.5012590781,ZhongHuaYiShuGongXiaChenGuangChang,0,0.0
5d3ec1a80ef61211e4bf7a40,上海,,0,时空缆车,6,踏上梦幻的时空穿越之旅,30.921919,121.9131,,80,0.0
5d3ec1a80ef61211e4bf7a41,上海,,0,宠物公园,1,,30.9199,121.332,,0,0.0
5d3ec1a80ef61211e4bf7a42,上海,,0,海洋主题亲子乐园,0,,31.3514,121.377,,0,0.0
5d3ec1a80ef61211e4bf7a43,上海,,0,观光中心观光车停靠点,0,,31.5221,121.948,,0,0.0
5d3ec1a80ef61211e4bf7a44,上海,,0,鬼屋(星雨城店),0,,30.9224,121.492,,0,0.0
5d3ec1b00ef61211e4bf7a45,上海,,0,游泳一票通(通河全民健身游泳馆),0,,31.3452,121.451,,0,0.0
5d3ec1b00ef61211e4bf7a46,上海,,0,星期六儿童水上主题乐园（上海店）,0,,31.3834,121.235,,0,0.0
5d3ec1b00ef61211e4bf7a47,上海,,0,米格天地儿童水上乐园,0,,31.1577429403,121.2356015185,,0,0.0
5d3ec1b00ef61211e4bf7a48,上海,,0,辉煌骑马场,0,,31.1228987141,121.5215003306,,0,0.0
5d3ec1b00ef61211e4bf7a49,上海,539.0,0,锦江士林夜市,49,,31.1454759976,121.415083463,,0,0.0
5d3ec1b00ef61211e4bf7a4a,上海,1477.0,0,K11购物艺术中心空中花园,40,这既是充满艺术氛围的年轻汇聚之地，又是当下热牌的最佳选择。,31.2290452484,121.4801959643,k11Art,0,0.0
5d3ec1b00ef61211e4bf7a4b,上海,1743.0,0,大康海宫水上乐园,28,,31.327532,121.441968,,0,0.0
5d3ec1b00ef61211e4bf7a4c,上海,12.0,7,船奇戏水滩,149,围绕沉没的海盗船残骸打造的互动戏水区妙趣横生。来尽情戏水玩耍吧！,31.1510868073,121.6684396136,,100,0.0
5d3ec1b00ef61211e4bf7a4d,上海,1840.0,0,南汇东滩湿地,15,,30.903907,121.983613,,0,0.0
5d3ec1b00ef61211e4bf7a4e,上海,484.0,0,复旦大学博物馆,45,,31.3023662567,121.5060592095,,0,0.0
5d3ec1b30ef61211e4bf7a4f,上海,2185.0,7,陕西南路,30,陕西南路是中国上海市黄浦区(原卢湾区)、徐汇区、静安区3区交界处的一条重要街道，南北走向，北起延安中路，南到肇嘉浜路，全长2360米。宽15米到19.7米。在1915年到1943年之间名为亚尔培路。,31.2158031464,121.4680876981,,100,0.0
5d3ec1b30ef61211e4bf7a50,上海,25.0,0,朱家角城隍庙,69,,31.1150493622,121.0604096742,,40,0.0
5d3ec1b30ef61211e4bf7a51,上海,2284.0,0,地球家园,19,,31.224110557,121.547666035,,0,0.0
5d3ec1b30ef61211e4bf7a52,上海,2332.0,1,探索中心,0,探索中心以青少年、学生团体、亲子团体为主要受众，强调观众，特别是青少年观众在动手参与的过程中进行科学的探究和发现，掌握科学方法，获得感性与理性的启发。,31.241294,121.469083,,0,0.0
5d3ec1b30ef61211e4bf7a53,上海,2333.0,2,上海故事,0,让我们在“上海故事”展区一起浏览上海的过去、现在和未来。,31.241294,121.469083,,0,0.0
5d3ec1b30ef61211e4bf7a54,上海,2335.0,0,演化之道,0,演化是生命世界永恒的主题。在漫长的演化历程中，从原始的单细胞生物到简单的多细胞生物，再到纷繁复杂的动植物，生命从低级走向高级，足迹遍布海洋和陆地。,31.241294,121.469083,,0,0.0
5d3ec1b30ef61211e4bf7a55,上海,2358.0,0,世博大舞台,1,宝钢大舞台由3000座的主演出区、500座的小演出区构成，成为各国家馆馆日、各省市馆馆日等庆典的场所，各类群众性综艺演出的场所。,31.191645,121.490422,,60,0.0
5d3ec1b30ef61211e4bf7a56,上海,2394.0,1,东平路,21,,31.2149524689,121.4561031091,,100,0.0
5d3ec1b30ef61211e4bf7a57,上海,334.0,1,上海海事大学灯塔,5,,30.8773164445,121.9154198826,,100,0.0
5d3ec1b30ef61211e4bf7a58,上海,80.0,1,屋里厢石库门博物馆,35,还原老上海生活面貌，展示石库门弄堂的旧时物件。,31.225868,121.481339,,100,0.0
5d3ec1b60ef61211e4bf7a59,上海,132.0,29,苏州河,250,承载着老上海人诸多回忆的河流，可以夜游苏州河欣赏两岸诸多标志性景点。,31.249829,121.493465,,96,0.0
5d3ec1b60ef61211e4bf7a5a,上海,399.0,1,八音盒珍品陈列馆,324,上海八音盒珍品陈列馆本身所处的建筑“东方艺术中心”浦东最大的文化艺术中心，是展示欧洲八音盒艺术及其发展历史的专题型陈列馆。,31.2286090851,121.5484018225,,100,0.0
5d3ec1b60ef61211e4bf7a5b,上海,172.0,1,嘉定孔庙,214,上海为数不多的保存较完整的县级孔庙，观摩科举制度资料与书法碑刻。,31.387201,121.259288,,0,0.0
5d3ec1b60ef61211e4bf7a5c,上海,,0,浦东骑马场,0,,31.1694006696,121.515698663,,0,0.0
5d3ec1b60ef61211e4bf7a5d,上海,697.0,1,宝龙美术馆,30,,31.164081,121.364374,,100,0.0
5d3ec1b60ef61211e4bf7a5e,上海,1724.0,1,荷兰风情小镇,26,,31.3440100003,121.585285615,,0,0.0
5d3ec1b60ef61211e4bf7a5f,上海,1736.0,0,罗斯福公馆,149,,31.2461013794,121.4965323642,JardineMatheson,80,0.0
5d3ec1b60ef61211e4bf7a60,上海,1741.0,0,上海薰衣草公园,132,,31.147702,121.681945,,0,0.0
5d3ec1b60ef61211e4bf7a61,上海,2718.0,3,莘庄公园,390,,31.108058,121.379941,,100,0.0
5d3ec1b60ef61211e4bf7a62,上海,,0,351米太空舱,0,身临其境体验宇宙穿梭,31.245306,121.50642,,0,0.0
5d3ec1b90ef61211e4bf7a63,上海,121.0,6,大宁郁金香公园,717,不用远赴海外，就能感受到荷兰赏花胜地“库肯霍夫花园”的郁金风情。,31.282321,121.450646,,88,0.0
5d3ec1b90ef61211e4bf7a64,上海,373.0,20,陆家嘴中心绿地,1128,陆家嘴中心绿地，位于浦东新区陆家嘴金融贸易中心区的核心地段，延安东路隧道浦东出口处左侧，是上海市区内规模最大的开放式草坪。,31.2435188293,121.5125350266,,86,0.03
5d3ec1b90ef61211e4bf7a65,上海,382.0,5,上海总会,8,"上海总会（ShanghaiClub）又称英国总会，建筑外观呈晚期文艺复兴式，外墙除勒脚、柱为石料外，均为水泥仿石墙面。入口处有塔司干（TUSCAN）立柱，二、三层中部五间有贯通两层的爱奥尼克式的古典立柱。一些局部处理带有巴洛克特征。
这座建筑室内设…",31.2396091486,121.4978339581,,96,0.01
5d3ec1b90ef61211e4bf7a66,上海,561.0,14,陈毅广场,415,瞻仰上海第一任市长陈毅塑像，是上海市民热爱的城市广场。,31.244553,121.496995,,92,0.0
5d3ec1b90ef61211e4bf7a67,上海,143.0,0,公元2050/2500未来生活体验馆,21,,31.2437496185,121.3911941371,,60,0.0
5d3ec1b90ef61211e4bf7a68,上海,584.0,3,古城公园,147,,31.234413147,121.5014047013,,88,0.0
5d3ec1b90ef61211e4bf7a69,上海,193.0,5,龙美术馆西岸馆,163,室内与室外完美结合的开放式美术馆，让艺术更加亲民。,31.190307,121.471004,,100,0.0
5d3ec1b90ef61211e4bf7a6a,上海,601.0,1,小鱼の理想,0,,31.1603381046,121.3606568738,,0,0.0
5d3ec1b90ef61211e4bf7a6b,上海,608.0,2,徐家汇源,5,​徐家汇源景区位于上海都市旅游中心圈徐家汇，主要由历史景观风貌、时尚活力购物和绿色休闲娱乐三大板块组成。,31.197086,121.443043,,100,0.0
5d3ec1b90ef61211e4bf7a6c,上海,4.0,3,天马山,125,比佘山更清净，可登高远眺周边地貌，参观著名北宋斜塔。,31.081472,121.159447,,40,0.0
5d3ec1bd0ef61211e4bf7a6d,上海,148.0,0,七宝老街袖珍人影戏馆,109,,31.1602783203,121.3605867848,,0,0.0
5d3ec1bd0ef61211e4bf7a6e,上海,610.0,2,罗店古镇,46,,31.41733,121.347055,,70,0.0
5d3ec1bd0ef61211e4bf7a6f,上海,626.0,2,上海旗忠森林网球中心,4,旗忠森林体育城位于上海市西南的马桥镇，用地面积约为508亩，前往观众将有幸在现代化的赛场中欣赏世界顶尖选手的优美泳姿和精湛技术，体验激动人心的现场气氛。,31.0499961423,121.3729118607,ShanghaiQizhongForestSportsCityTennisCenter,100,0.0
5d3ec1bd0ef61211e4bf7a70,上海,351.0,1,上海广场,64,,31.2309341431,121.4842624218,,0,0.0
5d3ec1bd0ef61211e4bf7a71,上海,672.0,1,汪公馆,22,,31.2260103526,121.4336930787,,0,0.0
5d3ec1bd0ef61211e4bf7a72,上海,4.0,2,徐根宝足球基地,43,,31.674662,121.490127,,0,0.0
5d3ec1bd0ef61211e4bf7a73,上海,10.0,1,圆津禅院,58,,31.116426,121.061302,,0,0.0
5d3ec1bd0ef61211e4bf7a74,上海,8.0,1,瀛洲公园,81,赏丰富多彩的植物造景，漫步江边欣赏落日。,31.622923,121.408771,,94,0.0
5d3ec1bd0ef61211e4bf7a75,上海,288.0,0,夏威夷水上乐园,1,,31.339562089,121.891776876,,0,0.0
5d3ec1bd0ef61211e4bf7a76,上海,,0,鹏欣外滩悦榕庄酒店-群英厅,17,,31.255458,121.513148,,0,0.0
5d3ec1c00ef61211e4bf7a77,上海,,0,金银岛,1,从空中360度俯瞰欢乐谷的美景,31.102654,121.220344,,0,0.0
5d3ec1c00ef61211e4bf7a78,上海,,0,凌空soho,1,上海城市的新名片与地标，前卫的流线型外观酷似高速奔驰的火车,31.228295,121.359358,,100,0.0
5d3ec1c00ef61211e4bf7a79,上海,,0,海兽探秘馆,5,来这里遇见网红小可爱——水獭,30.921919,121.9131,,60,0.0
5d3ec1c00ef61211e4bf7a7a,上海,,0,谷木游龙,12,世界古老的木质过山车,31.102639,121.224986,,0,0.0
5d3ec1c00ef61211e4bf7a7b,上海,,0,马戏团亲子育乐园,0,,31.3872,121.503,,0,0.0
5d3ec1c00ef61211e4bf7a7c,上海,,0,AED(上海海洋水族馆),1,上海海洋水族馆共有三层，进入水族馆后乘电梯上三层，然后由上至下参观。,31.2464,121.508,ShanghaiOceanAquarium,60,0.0
5d3ec1c00ef61211e4bf7a7d,上海,,0,上海滩,4,,31.1446,121.342,,0,0.0
5d3ec1c00ef61211e4bf7a7e,上海,,0,杭州盛都旅行社有限公司(杜莎夫人蜡像馆),0,,31.2384,121.478,,0,0.0
5d3ec1c00ef61211e4bf7a7f,上海,,0,上海往事民俗博物馆,3,,31.2738,121.554,,100,0.0
5d3ec1c00ef61211e4bf7a80,上海,,0,bi电影街,0,,31.193,121.444,,0,0.0
5d3ec1c30ef61211e4bf7a81,上海,,0,奇特乐游乐园（东方商厦店）,0,,31.1542,121.119,,0,0.0
5d3ec1c30ef61211e4bf7a82,上海,,0,游乐设施,0,,31.194,121.449,,0,0.0
5d3ec1c30ef61211e4bf7a83,上海,,0,中国艺术馆,2,,31.1980994303,121.6919963005,,0,0.0
5d3ec1c30ef61211e4bf7a84,上海,,0,上海交通大学植物园,3,,31.0340931014,121.4425831321,,0,0.0
5d3ec1c30ef61211e4bf7a85,上海,,0,长江第一滩,4,,31.352049171,121.7975229,,0,0.0
5d3ec1c30ef61211e4bf7a86,上海,,0,杜月笙公馆旧址,2,,31.2148694656,121.4696056005,,0,0.0
5d3ec1c30ef61211e4bf7a87,上海,,0,阿迪达斯neo(大悦城店),0,,31.2488999686,121.47830382,,0,0.0
5d3ec1c30ef61211e4bf7a88,上海,,0,趣乐园,0,,31.2404333751,121.5041416854,,0,0.0
5d3ec1c30ef61211e4bf7a89,上海,,0,上海师范大学,64,,31.1675930023,121.4229808079,,100,0.0
5d3ec1c30ef61211e4bf7a8a,上海,,0,上海海洋大学,24,,30.8920383453,121.9063910972,ShanghaiOceanUniversity,0,0.0
5d3ec1c60ef61211e4bf7a8b,上海,541.0,0,外滩111艺术空间,10,,31.2427521176,121.4944755403,,0,0.0
5d3ec1c60ef61211e4bf7a8c,上海,222.0,0,川沙老街,32,,31.2008975874,121.7112294346,,0,0.0
5d3ec1c60ef61211e4bf7a8d,上海,1036.0,1,南翔老街,41,,31.2982481343,121.3149203219,,0,0.0
5d3ec1c60ef61211e4bf7a8e,上海,158.0,0,顾村公园自然谷恐龙乐园,40,,31.3489867847,121.3803762641,,80,0.0
5d3ec1c60ef61211e4bf7a8f,上海,1188.0,0,马陆一口甜葡萄园,0,,31.3747315133,121.3115441021,,0,0.0
5d3ec1c60ef61211e4bf7a90,上海,147.0,0,迪卡尼乐园,10,迪卡尼乐园是上海的一个户外大型游乐园。,31.2096894424,121.564930026,,0,0.0
5d3ec1c60ef61211e4bf7a91,上海,1500.0,0,奉城老街,5,,30.9218769703,121.6554755899,,0,0.0
5d3ec1c60ef61211e4bf7a92,上海,1605.0,1,泗泾老街,10,,31.117427289,121.2838659338,,90,0.0
5d3ec1c60ef61211e4bf7a93,上海,1345.0,0,时光弄堂,36,,31.233270365,121.504986664,,0,0.0
5d3ec1c60ef61211e4bf7a94,上海,10.0,8,探险家独木舟,101,登上独木舟，划着船桨，探索“宝藏湾”主题园区的海盗领地和“探险岛”主题园区的雾林神秘水域。,31.1500263214,121.668505408,ExplorerCanoes,70,1.0
5d3ec1c90ef61211e4bf7a95,上海,12.0,0,荷花博览园,22,,31.735561,121.246813,,0,0.0
5d3ec1c90ef61211e4bf7a96,上海,1972.0,0,永安塔,38,,31.3042945862,121.1589713095,,100,0.0
5d3ec1c90ef61211e4bf7a97,上海,1993.0,0,宝山烈士陵园,31,,31.4061870575,121.4972531977,,0,0.0
5d3ec1c90ef61211e4bf7a98,上海,479.0,2,圣母院旧址,31,精致的欧式宗教建筑，收藏有两列古董火车车厢。,31.197726,121.444988,,100,0.0
5d3ec1c90ef61211e4bf7a99,上海,2014.0,0,富民路,14,,31.2260704041,121.4572330595,,0,0.0
5d3ec1c90ef61211e4bf7a9a,上海,2116.0,0,银行博物馆,2735,全国首家金融行业博物馆，浓缩了上海150年的银行沧桑。,31.22243,121.482892,BankMuseum,100,0.0
5d3ec1c90ef61211e4bf7a9b,上海,2120.0,1,半岛1919创意园区,41,,31.3729801178,121.4944231044,,90,0.0
5d3ec1c90ef61211e4bf7a9c,上海,2128.0,0,海湾龙腾阁,5,,30.8203125,121.5263568836,,0,0.0
5d3ec1c90ef61211e4bf7a9d,上海,41.0,1,仓城老街,13,,31.0094013214,121.217591478,,90,0.0
5d3ec1c90ef61211e4bf7a9e,上海,81.0,4,圆明园路,71,,31.2475814819,121.4947364124,,80,0.0
5d3ec1cc0ef61211e4bf7a9f,上海,1614.0,0,强生浦江游览,257,,31.249935,121.527417,,0,0.0
5d3ec1cc0ef61211e4bf7aa0,上海,2210.0,1,南翔檀园,172,,31.297586441,121.314677266,,100,0.0
5d3ec1cc0ef61211e4bf7aa1,上海,2213.0,0,陈逸飞工作室旧址,62,,31.2142486572,121.4756583061,,0,0.0
5d3ec1cc0ef61211e4bf7aa2,上海,2260.0,1,法式旋梯,1,位于中心圆2层到3层之间的法式旋梯一人宽左右，优美的弧形旋转出大的角度。如此大的角度其实是为了工人逃生而设计的，中心圆是当初屠宰动物的地方，动物到此处一般会惊慌失措，为了避免因受到惊吓伤到人，特备设置了大弧度旋梯供工人逃生。,31.260356,121.49903,,60,0.0
5d3ec1cc0ef61211e4bf7aa3,上海,265.0,1,爱情邮局,1,世界最高空中爱情主题邮局：“情比金坚”金茂大厦爱情邮局是中国最高的空中爱情主题邮局，亦是世界上最高空中爱情主题邮局，金茂将以坚如磐石的金茂品质，见证爱情的坚贞与永恒，打造世界爱情地标新高度，见证中外游客的爱情故事。,31.240469,121.511578,,80,0.0
5d3ec1cc0ef61211e4bf7aa4,上海,27.0,0,明清民居,0,石板老街、黛瓦民宅、深巷幽弄……无不展现朱家角典型的江南民居风貌。,31.11673,121.062171,,0,0.0
5d3ec1cc0ef61211e4bf7aa5,上海,2292.0,1,静观,0,静观大厅，亦称晴雪堂，深广高敞，是内园的主要建筑，面对假山，取古语“静观万物皆自得”、“动观流水静观山”之意。,31.23202,121.499245,,0,0.0
5d3ec1cc0ef61211e4bf7aa6,上海,54.0,0,艾伦岛,0,,31.038025,121.208857,,0,0.0
5d3ec1cc0ef61211e4bf7aa7,上海,56.0,0,手划船码头,0,,31.04041,121.207763,,0,0.0
5d3ec1cc0ef61211e4bf7aa8,上海,2353.0,0,财神殿,0,财神殿供奉的是财神。财神主管的是人的财富。,31.231994,121.498188,,0,0.0
5d3ec1d00ef61211e4bf7aa9,上海,452.0,0,月老殿,12,,31.2306744705,121.4996161833,,0,0.0
5d3ec1d00ef61211e4bf7aaa,上海,2363.0,1,SkyBridgeHQ天会（原凌空SOHO）,564,凌空SOHO位于上海市，占地8.6万余平米、总建筑面积约35万平方米，12栋建筑被16条空中连桥连接成一个空间网络。凌空SOHO是SOHO中国与建筑设计师、普利兹克奖获得者扎哈·哈迪德（ZahaHadid）联手打造的第3个建筑精品。其外形酷似火车头的现代建筑，…,31.227822,121.358781,,0,0.0
5d3ec1d00ef61211e4bf7aab,上海,105.0,4,余庆路,18,余庆路原名爱棠路，1920年代初由上海法租界公董局修筑，以曾任法国驻沪领事爱棠命名。,31.2072277069,121.4461572117,,100,0.0
5d3ec1d00ef61211e4bf7aac,上海,2578.0,2,法租界会审公廨旧址,21,,31.215818823,121.4759586273,,80,0.0
5d3ec1d00ef61211e4bf7aad,上海,410.0,6,月亮船,2,“月亮船”是2010年上海世博会沙特国家馆，以其独特的展示内容与令人震撼的展示方式成为世博会上最具人气的场馆之一，共接待游客438万人次，曾一度创下观众排队时间长达九小时的记录。,31.194138,121.502624,,80,0.0
5d3ec1d00ef61211e4bf7aae,上海,2683.0,1,城市雕塑艺术中心,81,,31.2054405212,121.4314968526,,90,0.0
5d3ec1d00ef61211e4bf7aaf,上海,153.0,4,泰迪之家博物馆,26,,31.1869525909,121.4995762582,,60,0.0
5d3ec1d00ef61211e4bf7ab0,上海,2702.0,1,太平湖,137,,31.2261505127,121.4820838522,,100,0.0
5d3ec1d00ef61211e4bf7ab1,上海,126.0,0,打字机博物馆,70,陆汉斌打字机博物馆坐落于繁忙的延安西路，博物馆内除展示打字机等科技藏品主展区外，还设有专业咖啡品鉴区、图书阅读交流区、艺术品临展区、商务活动区等多功能区域，以满足各类参观者不同需求角度的要求，给人以“耳目一新”的感官体验。,31.2206954956,121.4406604419,,100,0.0
5d3ec1d00ef61211e4bf7ab2,上海,179.0,3,南昌路,31,南昌路是中国上海市跨黄浦区和徐汇区的一条街道，该路东西走向，东起重庆南路，西至襄阳南路。全长1690米，宽14米到15米。,31.2239303589,121.4718172766,,100,0.0
5d3ec1d40ef61211e4bf7ab3,上海,113.0,13,复兴中路,38,,31.2180938721,121.4608862265,,96,0.0
5d3ec1d40ef61211e4bf7ab4,上海,288.0,2,淞沪铁路江湾站旧址,47,,31.296806,121.490305,,100,0.0
5d3ec1d40ef61211e4bf7ab5,上海,2710.0,0,华东理工大学,0,,31.148534,121.434631,EastChinaUniversityOfScienceAndTechnology,0,0.0
5d3ec1d40ef61211e4bf7ab6,上海,2714.0,1,复旦大学枫林校区,1,复旦大学枫林校区是复旦大学的四大校区之一，俗称医学院校区，位于繁华的徐家汇东侧。,31.203017,121.457857,,100,0.0
5d3ec1d40ef61211e4bf7ab7,上海,253.0,0,深海探索馆,29,,31.2843841209,121.5113606882,,100,0.0
5d3ec1d40ef61211e4bf7ab8,上海,2738.0,7,徐家汇公园,372,,31.203294754,121.4487257801,,90,0.0
5d3ec1d40ef61211e4bf7ab9,上海,1117.0,0,抗美援朝纪念馆,2,,31.1835138177,121.7906984142,,0,0.0
5d3ec1d40ef61211e4bf7aba,上海,2364.0,0,和平饭店内博物馆,85,,31.2445964813,121.4961105523,,0,0.0
5d3ec1d40ef61211e4bf7abb,上海,,0,华夏文化旅游区三甲港海滨区,7,,31.2182121277,121.7762967141,,60,0.0
5d3ec1d40ef61211e4bf7abc,上海,39.0,0,地震科普馆,13,,31.0983428955,121.2021664033,,0,0.0
5d3ec1d80ef61211e4bf7abd,上海,114.0,1,磁浮列车,571,,31.208815,121.564944,,0,0.0
5d3ec1d80ef61211e4bf7abe,上海,2486.0,3,柯灵故居,23,,31.2169208527,121.4487443879,,100,0.0
5d3ec1d80ef61211e4bf7abf,上海,2667.0,1,古藤园,50,,31.007918,121.393967,,80,0.0
5d3ec1d80ef61211e4bf7ac0,上海,,0,中国战略与管理研究会民间文物保护委员会上海民间博物馆示范园,2,,31.2736,121.54,,0,0.0
5d3ec1d80ef61211e4bf7ac1,上海,,0,新场水乡古镇桃源,28,,31.0577945709,121.7553422289,,0,0.0
5d3ec1d80ef61211e4bf7ac2,上海,1180.0,0,黄浦江游览秦皇岛路码头,71,,31.2557570071,121.5249990772,,0,0.0
5d3ec1d80ef61211e4bf7ac3,上海,15.0,1,喜玛拉雅美术馆,55,上海喜玛拉雅美术馆是一家从事艺术展览、教育、收藏、研究与学术交流的民营非营利性艺术机构，其前身是上海证大现代艺术馆（ZendaiMuseumofModernArt）。,31.2146701813,121.5686190432,ShanghaiHimalayasMuseum,80,0.0
5d3ec1d80ef61211e4bf7ac4,上海,555.0,4,圣母大堂,137,,31.2237949371,121.4619716295,,76,0.01
5d3ec1d80ef61211e4bf7ac5,上海,558.0,4,上海鲜花港,273,3月底-5月中旬可赏郁金香，姹紫嫣红的花海极美。,30.950741,121.909087,,82,0.0
5d3ec1d80ef61211e4bf7ac6,上海,559.0,2,外滩气象信号台,9,气象信号台是外滩标志性建筑之一，列入全国重点保护的建筑物。1884年，法国天主教会创建的徐家汇天文台，在“洋泾浜”外滩（今延安东路外滩）设立气象信号台，信号台是直竖地上的一根长木杆，根据天文台传来的气象信息。1907年，重建圆柱形的气象信…,31.2462578744,121.4953631454,,82,0.0
