_id,企业,企业规模,关键词,发布时间,城市,学历要求,岗位名称,福利,经验要求,薪资,融资情况,行业
5d43ea4d51eceec5c3084fa3,TapTap,50-150人,数据分析,2019-07-31,上海,本科,数据分析师,迅速成长,经验1-3年,15k-25k,B轮,"游戏,社交"
5d43ea4d51eceec5c3084fa4,掌门1对1在线教育,2000人以上,数据分析,2019-08-0214:58:00,上海,本科,数据分析师,员工旅游 五险一金 14薪,经验3-5年,10k-20k,D轮及以上,"移动互联网,教育"
5d43ea4d51eceec5c3084fa5,众安保险,2000人以上,数据分析,2019-08-01,上海,本科,数据分析师,行业前景好 发展空间大,经验3-5年,20k-35k,上市公司,金融
5d43ea4d51eceec5c3084fa6,乐房生活,50-150人,数据分析,2019-08-0213:48:00,上海,本科,数据分析师,F轮融资数亿元；16薪制,经验3-5年,15k-20k,D轮及以上,移动互联网
5d43ea4d51eceec5c3084fa7,掌门集团,500-2000人,数据分析,2019-08-0210:56:00,上海,本科,数据分析师,"股票期权,弹性工作,行业独角兽",经验1-3年,15k-30k,B轮,"移动互联网,消费生活"
5d43ea4d51eceec5c3084fa8,流利说®,2000人以上,数据分析,2019-08-0214:25:00,上海,本科,数据分析员（校招）,上市公司、年底双薪、完善培训、宽松氛围,经验应届毕业生,6k-7k,上市公司,教育
5d43ea4e51eceec5c3084fa9,脉策数据,50-150人,数据分析,2019-08-0213:09:00,上海,硕士,数据分析师（空间数据分析）,"弹性工作,薪酬福利好,技术驱动,大牛互助",经验不限,10k-20k,A轮,"数据服务,企业服务"
5d43ea4e51eceec5c3084faa,SideChef,15-50人,数据分析,2019-07-30,上海,本科,数据分析师,"物联网,时间自由,吃货最爱,创业公司",经验1-3年,15k-25k,A轮,移动互联网
5d43ea4e51eceec5c3084fab,博厚电机,150-500人,数据分析,2019-07-31,上海,不限,数据分析师,薪资丰厚 男女比例均衡,经验不限,10k-20k,未融资,"工具,软件开发"
5d43ea4e51eceec5c3084fac,招商银行信用卡中心,2000人以上,数据分析,2019-08-0211:04:00,上海,本科,数据分析与建模专家,职位晋升 福利待遇好 工作氛围好,经验5-10年,40k-65k,上市公司,金融
5d43ea4e51eceec5c3084fad,上海只二网络科技有限公司,50-150人,数据分析,2019-08-01,上海,大专,资深数据分析师,出国游 餐补房补 领导nice,经验3-5年,15k-30k,B轮,"移动互联网,电商"
5d43ea4f51eceec5c3084fae,平安城科,500-2000人,数据分析,2019-08-01,上海,本科,数据分析专家,"五险一金,绩效奖金,带薪年假,定期体检",经验5-10年,25k-45k,上市公司,金融
5d43ea4f51eceec5c3084faf,趣头条,500-2000人,数据分析,2019-08-0210:10:00,上海,本科,数据分析专家,薪资待遇好，全年基本上16薪以上。,经验5-10年,25k-50k,上市公司,文娱丨内容
5d43ea4f51eceec5c3084fb0,CHARLES & KEITH | PEDRO,150-500人,数据分析,2019-07-17,上海,不限,数据分析/数据科学,"带薪年假,五险一金,年底双薪,发展空间大",经验1-3年,10k-15k,不需要融资,"电商,其他"
5d43ea4f51eceec5c3084fb1,震坤行,500-2000人,数据分析,2019-08-0213:46:00,上海,本科,高级数据分析师(J10309),发展前景好 平台好,经验5-10年,20k-30k,D轮及以上,电商
5d43ea5051eceec5c3084fb2,爱抢购&好食期&觅食蜂,150-500人,数据分析,2019-08-0210:52:00,上海,本科,大数据架构研发工程师,发展前景好、领导nice、团队氛围好,经验5-10年,30k-40k,C轮,"电商,消费生活"
5d43ea5051eceec5c3084fb3,流利说®,2000人以上,数据分析,2019-08-0213:23:00,上海,本科,数据分析师（校招）,上市公司、年底双薪、完善培训、宽松氛围,经验应届毕业生,15k-20k,上市公司,教育
5d43ea5151eceec5c3084fb4,众安保险,2000人以上,数据分析,2019-07-17,上海,本科,数据分析师,工作环境优雅舒适 待遇高福利好,经验5-10年,17k-22k,上市公司,金融
5d43ea5151eceec5c3084fb5,趣头条,500-2000人,数据分析,2019-08-01,上海,本科,高级数据分析师,"最高20薪,六险一金,餐补，技术分享",经验5-10年,30k-45k,上市公司,文娱丨内容
5d43ea5151eceec5c3084fb6,明略科技集团,2000人以上,数据分析,2019-08-01,上海,本科,数据分析咨询师,广阔的就业前景 丰厚的薪资福利,经验3-5年,8k-15k,D轮及以上,"数据服务,广告营销"
5d43ea5151eceec5c3084fb7,蓝色光标欧泰谱,150-500人,数据分析,2019-08-01,上海,本科,高级数据分析师-SQL,上市公司，市中心，领导好，氛围好,经验3-5年,10k-15k,不需要融资,"数据服务,企业服务"
5d43ea5151eceec5c3084fb8,青岛雪图世界文化传媒有限责任公司,15-50人,数据分析,2019-08-0209:55:00,上海,本科,数据分析师,发展前景好 五险一金 绩效奖金 带薪年假,经验3-5年,15k-25k,未融资,"移动互联网,广告营销"
5d43ea5151eceec5c3084fb9,上海百秋,500-2000人,数据分析,2019-07-30,上海,本科,数据分析师(J10040),五险一金，带薪病假，员工团建,经验1-3年,8k-10k,未融资,"电商,企业服务"
5d43ea5251eceec5c3084fba,瀚亚资本,2000人以上,数据分析,2019-08-01,上海,不限,数据分析师,职位发展空间大,经验3-5年,30k-40k,不需要融资,金融
5d43ea5251eceec5c3084fbb,HARB,50-150人,数据分析,2019-07-31,上海,本科,商业数据分析师,外资高管团队；公司文化好；已获多轮融资,经验1-3年,10k-16k,B轮,企业服务
5d43ea5251eceec5c3084fbc,汇付,500-2000人,数据分析,2019-08-0210:52:00,上海,本科,数据分析,上市公司 合规风控 精英团队,经验3-5年,10k-20k,上市公司,"移动互联网,金融"
5d43ea5251eceec5c3084fbd,永辉云创科技有限公司,2000人以上,数据分析,2019-08-0213:47:00,上海,本科,数据分析师,待遇优、空间大、平台好,经验3-5年,19k-28k,D轮及以上,"电商,消费生活"
5d43ea5251eceec5c3084fbe,陆金所,2000人以上,数据分析,2019-08-01,上海,本科,25210V-数据分析师,"五险一金,节日福利,带薪年假,定期体检",经验3-5年,13k-26k,B轮,金融
5d43ea5251eceec5c3084fbf,晶赞科技Zamplus,150-500人,数据分析,2019-08-0210:23:00,上海,硕士,数据分析师,弹性工作、绩效奖金、出国旅游、扁平化管理,经验3-5年,10k-20k,D轮及以上,"数据服务,文娱丨内容"
5d43ea5251eceec5c3084fc0,微盟,2000人以上,数据分析,2019-08-0210:19:00,上海,本科,数据分析,上市公司 成长空间大,经验1-3年,10k-15k,上市公司,企业服务
5d43ea5351eceec5c3084fc1,爱抢购&好食期&觅食蜂,150-500人,数据分析,2019-08-0210:52:00,上海,本科,大数据架构研发工程师,发展前景好、领导nice、团队氛围好,经验5-10年,30k-40k,C轮,"电商,消费生活"
5d43ea5451eceec5c3084fc2,众安保险,2000人以上,数据分析,2019-08-0214:19:00,上海,本科,数据分析工程师,年终奖丰厚、扁平化管理、活动多多,经验3-5年,18k-30k,上市公司,金融
5d43ea5451eceec5c3084fc3,上海百秋,500-2000人,数据分析,2019-07-30,上海,本科,数据分析主管(J10041),五险一金，带薪病假，员工团建,经验1-3年,10k-15k,未融资,"电商,企业服务"
5d43ea5551eceec5c3084fc4,星环科技,150-500人,数据分析,2019-08-0210:21:00,上海,本科,数据分析师 (MJ000268),六险二金 带薪年假 定期团建,经验不限,10k-20k,C轮,数据服务
5d43ea5551eceec5c3084fc5,CareerFrog职业蛙,150-500人,数据分析,2019-08-0213:58:00,上海,本科,数据分析师,"奶思队友,毫无节操,疯狂凯瑞,别忘了高薪",经验1-3年,8k-12k,B轮,教育
5d43ea5551eceec5c3084fc6,淘集集,500-2000人,数据分析,2019-08-0209:31:00,上海,本科,数据分析师（风控）,"扁平化管理,平台大,奖金多,15薪",经验5-10年,20k-40k,B轮,电商
5d43ea5551eceec5c3084fc7,派拉软件,150-500人,数据分析,2019-08-0214:43:00,上海,硕士,数据分析师,年终奖高，晋升空间大，扁平化管理,经验3-5年,25k-40k,上市公司,数据服务
5d43ea5551eceec5c3084fc8,rcrai.com,15-50人,数据分析,2019-08-0214:36:00,上海,本科,数据分析,年终奖2-8个月,经验3-5年,15k-20k,A轮,移动互联网
5d43ea5551eceec5c3084fc9,Soul App,150-500人,数据分析,2019-08-0213:37:00,上海,本科,数据分析师,"高薪资,平台好,潜力大,氛围浓",经验3-5年,20k-40k,C轮,"社交,文娱丨内容"
5d43ea5651eceec5c3084fca,上海你我贷互联网金融信息服务,500-2000人,数据分析,2019-08-0210:19:00,上海,本科,数据分析师,弹性工作制 奖金丰厚 领导NICE,经验3-5年,20k-30k,上市公司,金融
5d43ea5651eceec5c3084fcb,独立日,50-150人,数据分析,2019-08-0213:24:00,上海,不限,数据分析师,团队氛围好，弹性上班，餐补,经验5-10年,15k-30k,B轮,移动互联网
5d43ea5651eceec5c3084fcc,蜻蜓FM,150-500人,数据分析,2019-08-0210:17:00,上海,本科,数据分析师,弹性工作，年轻化团队，行业领先平台,经验3-5年,15k-25k,D轮及以上,移动互联网
5d43ea5651eceec5c3084fcd,神策数据,150-500人,数据分析,2019-08-0214:13:00,上海,本科,数据分析师-上海,"五险一金,午餐补助,补充医疗,14薪",经验不限,15k-30k,C轮,数据服务
5d43ea5651eceec5c3084fce,苹果树,150-500人,数据分析,2019-08-01,上海,本科,数据分析师,老板nice，发展空间大，五险一金,经验不限,15k-30k,A轮,"金融,数据服务"
5d43ea5651eceec5c3084fcf,联元智能科技,50-150人,数据分析,2019-08-0214:02:00,上海,本科,数据分析师,五险一金 绩效奖金 弹性工作 补充公积金,经验3-5年,15k-30k,A轮,"移动互联网,数据服务"
5d43ea5751eceec5c3084fd0,PINTEC,150-500人,数据分析,2019-07-31,上海,本科,数据分析师,"六险一金,带薪休假,弹性工作,扁平管理",经验1-3年,8k-15k,上市公司,"移动互联网,金融"
5d43ea5751eceec5c3084fd1,众安保险,2000人以上,数据分析,2019-08-0214:19:00,上海,本科,数据分析工程师,年终奖丰厚、扁平化管理、活动多多,经验3-5年,18k-30k,上市公司,金融
5d43ea5751eceec5c3084fd2,上海百秋,500-2000人,数据分析,2019-07-30,上海,本科,数据分析主管(J10041),五险一金，带薪病假，员工团建,经验1-3年,10k-15k,未融资,"电商,企业服务"
5d43ea5851eceec5c3084fd3,众安保险,2000人以上,数据分析,2019-08-0214:19:00,上海,本科,数据分析专家,"薪资优厚,福利多多,扁平管理=，奖金丰厚",经验5-10年,25k-40k,上市公司,金融
5d43ea5851eceec5c3084fd4,派拉软件,150-500人,数据分析,2019-08-0214:43:00,上海,硕士,算法工程师/数据分析师,晋升空间大+扁平化管理,经验3-5年,15k-30k,上市公司,数据服务
5d43ea5951eceec5c3084fd5,达达-京东到家,2000人以上,数据分析,2019-08-0214:30:00,上海,本科,数据分析师,技术驱动、风口平台,经验3-5年,15k-25k,D轮及以上,消费生活
5d43ea5951eceec5c3084fd6,泛为,150-500人,数据分析,2019-08-0210:18:00,上海,本科,数据分析师,"五险一金,员工旅游,餐饮补贴,弹性工作",经验1年以下,8k-10k,不需要融资,"移动互联网,广告营销"
5d43ea5951eceec5c3084fd7,还呗-智能信贷领先者,500-2000人,数据分析,2019-08-0213:56:00,上海,本科,数据分析师,"移动金融,未来金矿,精英团队,助力成长",经验3-5年,15k-30k,B轮,金融
5d43ea5951eceec5c3084fd8,算话智能科技有限公司,50-150人,数据分析,2019-07-29,上海,本科,数据分析师,"绩效奖金,福利津贴,交通补贴,假日福利",经验1-3年,12k-16k,B轮,"数据服务,移动互联网"
5d43ea5951eceec5c3084fd9,信用算力,150-500人,数据分析,2019-08-0209:39:00,上海,本科,数据分析师,晋升快，福利好，美女多,经验1-3年,15k-30k,B轮,"移动互联网,金融"
5d43ea5951eceec5c3084fda,东方新闻,150-500人,数据分析,2019-07-31,上海,本科,数据分析师,"发展平台,扁平化,晋升机会,福利待遇",经验1-3年,10k-20k,不需要融资,"移动互联网,社交"
5d43ea5a51eceec5c3084fdb,舟恩信息,150-500人,数据分析,2019-07-30,上海,大专,数据分析,互联网金融,经验3-5年,15k-20k,不需要融资,移动互联网
5d43ea5a51eceec5c3084fdc,驰骛科技ChiefClouds,50-150人,数据分析,2019-08-0211:03:00,上海,本科,数据分析师,年度体检免费晚餐补充商保10天带薪年假,经验3-5年,15k-30k,A轮,"数据服务,移动互联网"
5d43ea5a51eceec5c3084fdd,信用飞/首付游,150-500人,数据分析,2019-08-01,上海,本科,数据分析师（有互金经验）,五险一金 13薪资 带薪休假,经验3-5年,10k-20k,B轮,移动互联网
5d43ea5a51eceec5c3084fde,2345.com,500-2000人,数据分析,2019-08-0209:21:00,上海,本科,数据分析师（数据BP）(J11909),"上市公司,发展空间大,业务平稳",经验3-5年,12k-20k,上市公司,"数据服务,移动互联网"
5d43ea5a51eceec5c3084fdf,携程,2000人以上,数据分析,2019-08-0214:29:00,上海,本科,数据分析岗（精准营销方向）,品牌雇主 潜力行业 活力团队 发展空间,经验3-5年,18k-25k,上市公司,旅游
5d43ea5a51eceec5c3084fe0,飞常准,500-2000人,数据分析,2019-08-0213:44:00,上海,硕士,（民航）数据分析师,"六险一金,周末双休,年终奖金,境外旅游",经验3-5年,10k-20k,不需要融资,移动互联网
5d43ea5b51eceec5c3084fe1,亚朵集团,2000人以上,数据分析,2019-08-0214:13:00,上海,本科,数据分析师,氛围好 有前景 下午茶 节日礼物,经验3-5年,20k-30k,不需要融资,"旅游,消费生活"
5d43ea5b51eceec5c3084fe2,众安保险,2000人以上,数据分析,2019-08-0214:19:00,上海,本科,资深数据分析师,"薪资优厚,福利多多,扁平管理=，奖金丰厚",经验5-10年,25k-35k,上市公司,金融
5d43ea5b51eceec5c3084fe3,算话智能科技有限公司,50-150人,数据分析,2019-07-29,上海,本科,大数据分析师,优秀团队、绩效奖金、福利津贴、定期体检,经验1-3年,9k-18k,B轮,"数据服务,移动互联网"
5d43ea5c51eceec5c3084fe4,上海你我贷互联网金融信息服务,500-2000人,数据分析,2019-08-0213:27:00,上海,本科,数据分析,纳斯达克上市公司 职位上升空间大,经验1-3年,15k-25k,上市公司,金融
5d43ea5c51eceec5c3084fe5,挖财,500-2000人,数据分析,2019-08-0209:56:00,上海,不限,数据分析师 (MJ001038),带薪年假，员工旅游，五险一金，扁平管理,经验1-3年,15k-25k,D轮及以上,工具
5d43ea5c51eceec5c3084fe6,麦子金服,500-2000人,数据分析,2019-08-0209:20:00,上海,本科,数据分析,"交通便利,领导好,水果提供,餐补",经验3-5年,15k-25k,A轮,金融
5d43ea5c51eceec5c3084fe7,中移上研院,150-500人,数据分析,2019-08-01,上海,本科,数据分析师（金融科技领域）,福利待遇完善,经验3-5年,15k-30k,不需要融资,"人工智能,物联网"
5d43ea5c51eceec5c3084fe8,途虎养车网,2000人以上,数据分析,2019-08-0215:07:00,上海,本科,数据分析师,扁平化管理，大牛带教,经验1-3年,15k-20k,D轮及以上,汽车丨出行
5d43ea5c51eceec5c3084fe9,哔哩哔哩,2000人以上,数据分析,2019-08-01,上海,本科,数据分析师 (MJ001006),六险一金 年终奖 互联网 上市公司,经验3-5年,20k-35k,上市公司,"移动互联网,文娱丨内容"
5d43ea5d51eceec5c3084fea,轻轻家教,2000人以上,数据分析,2019-08-0210:22:00,上海,本科,数据分析师,D轮融资、技术大牛、教育行业,经验1-3年,15k-25k,D轮及以上,"移动互联网,教育"
5d43ea5d51eceec5c3084feb,噗嗤游戏,15-50人,数据分析,2019-07-30,上海,大专,数据分析师,六险一金 氛围好 发展快 项目奖金,经验不限,15k-30k,不需要融资,"游戏,社交"
5d43ea5d51eceec5c3084fec,立震管理咨询,50-150人,数据分析,2019-07-29,上海,本科,数据分析师,新零售行业的发展未来不可限量,经验3-5年,10k-15k,不需要融资,"电商,消费生活"
5d43ea5d51eceec5c3084fed,一面数据,50-150人,数据分析,2019-08-0210:26:00,上海,本科,数据分析师(商业方向，中高级）,大数据人工智能；名校系大牛；技术氛围浓,经验1-3年,10k-20k,A轮,"移动互联网,数据服务"
5d43ea5d51eceec5c3084fee,关爱通,150-500人,数据分析,2019-08-0210:16:00,上海,本科,数据分析师,福利好 假期多,经验3-5年,13k-25k,未融资,"电商,企业服务"
5d43ea5d51eceec5c3084fef,达达-京东到家,2000人以上,数据分析,2019-07-22,上海,本科,数据分析(上海）,带薪年假,经验3-5年,15k-30k,D轮及以上,消费生活
5d43ea5e51eceec5c3084ff0,小回音,15-50人,数据分析,2019-08-01,上海,不限,数据分析师,"弹性工作,节日福利,五险一金,免费晚餐",经验3-5年,10k-20k,未融资,"移动互联网,社交"
5d43ea5e51eceec5c3084ff1,途虎养车网,2000人以上,数据分析,2019-08-0215:07:00,上海,大专,数据分析师,"多次调薪,优秀团队",经验3-5年,15k-30k,D轮及以上,汽车丨出行
5d43ea5e51eceec5c3084ff2,即刻,50-150人,数据分析,2019-07-29,上海,本科,数据分析师,出国outing 办公环境优秀 同事优秀,经验1-3年,12k-20k,C轮,移动互联网
5d43ea5f51eceec5c3084ff3,拼多多,2000人以上,数据分析,2019-07-28,上海,本科,数据分析,"福利待遇好,晋升快,团队氛围好,公司潜力佳",经验5-10年,20k-35k,上市公司,"电商,移动互联网"
5d43ea5f51eceec5c3084ff4,南极电商,150-500人,数据分析,2019-08-01,上海,本科,数据分析师（电商策略方向）,上市公司、知名品牌、发展前景大,经验3-5年,15k-30k,上市公司,"电商,移动互联网"
5d43ea5f51eceec5c3084ff5,乐麦信息技术（杭州）有限公司,500-2000人,数据分析,2019-07-31,上海,本科,数据分析师（应届生）,五险一金、周末双休、带薪年假、节日福利,经验不限,6k-10k,不需要融资,电商
5d43ea5f51eceec5c3084ff6,千寻位置,150-500人,数据分析,2019-08-0211:13:00,上海,本科,数据分析师,阿里+中兵 10天年假 五险一金,经验3-5年,20k-30k,不需要融资,移动互联网
5d43ea5f51eceec5c3084ff7,创略科技,150-500人,数据分析,2019-08-01,上海,本科,大数据分析师,弹性工作,经验3-5年,15k-25k,B轮,"数据服务,广告营销"
5d43ea5f51eceec5c3084ff8,饿了么,2000人以上,数据分析,2019-07-30,上海,本科,数据分析师,福利优厚，弹性工作，平台好,经验3-5年,15k-30k,D轮及以上,消费生活
5d43ea6051eceec5c3084ff9,莉莉丝游戏,150-500人,数据分析,2019-08-0214:31:00,上海,本科,数据分析师,"弹性工作,福利待遇好,工作氛围好",经验1-3年,12k-24k,不需要融资,"移动互联网,游戏"
5d43ea6051eceec5c3084ffa,汇合,2000人以上,数据分析,2019-08-0212:14:00,上海,本科,数据分析岗,双休，五险一金，年终奖，带薪年假,经验3-5年,10k-16k,不需要融资,"企业服务,金融"
5d43ea6051eceec5c3084ffb,眸事网,150-500人,数据分析,2019-08-01,上海,本科,数据分析师,"行业先锋,数据驱动,项目奖金,活力年轻",经验3-5年,8k-12k,天使轮,"移动互联网,企业服务"
5d43ea6051eceec5c3084ffc,中诚信征信,150-500人,数据分析,2019-08-0214:46:00,上海,硕士,数据分析师（风控建模方向-上海）,"行业领导者,弹性工作制,周五7小时,扁平化管理",经验1-3年,15k-30k,不需要融资,"数据服务,人工智能"
5d43ea6051eceec5c3084ffd,盛付通,150-500人,数据分析,2019-08-0209:47:00,上海,本科,数据分析师,"工作氛围好,福利待遇好,弹性工作",经验3-5年,10k-20k,不需要融资,"移动互联网,金融"
5d43ea6051eceec5c3084ffe,虎扑,150-500人,数据分析,2019-08-0209:38:00,上海,本科,数据分析师,发展前景,经验3-5年,20k-30k,D轮及以上,"移动互联网,文娱丨内容"
5d43ea6151eceec5c3084fff,拉卡拉云商网络有限公司,500-2000人,数据分析,2019-08-0209:24:00,上海,本科,数据分析师（报表方向）,大型金融互联网 第三方支付 行业领先,经验1-3年,12k-20k,不需要融资,"电商,金融"
5d43ea6351eceec5c3085000,平安人寿,2000人以上,数据分析,2019-08-01,上海,本科,0222OQ-数据分析师,"五险一金,带薪年假,定期体检,免费班车",经验1-3年,15k-30k,上市公司,金融
5d43ea6351eceec5c3085001,仁辉科技,50-150人,数据分析,2019-08-0213:42:00,上海,本科,数据分析师,"上市背景,发展潜力大,薪酬福利佳,领导好",经验3-5年,13k-20k,不需要融资,金融
5d43ea6351eceec5c3085002,鸿研物流,150-500人,数据分析,2019-07-30,上海,本科,数据分析师,大牛带队 项目奖励 组织扁平,经验3-5年,20k-25k,C轮,消费生活
5d43ea6351eceec5c3085003,平安金服,2000人以上,数据分析,2019-08-01,上海,本科,12217U-数据分析岗,"五险一金,绩效奖金,带薪年假,定期体检",经验3-5年,10k-15k,上市公司,金融
5d43ea6351eceec5c3085004,Know Yourself,50-150人,数据分析,2019-08-0210:46:00,上海,本科,数据分析,"五险一金,扁平化管理,弹性工作,交通便利",经验1-3年,8k-15k,A轮,"教育,社交"
5d43ea6351eceec5c3085005,至数,15-50人,数据分析,2019-08-0209:16:00,上海,大专,数据分析师,发展前景好,经验1-3年,5k-10k,A轮,"数据服务,硬件"
5d43ea6451eceec5c3085006,海万科技,500-2000人,数据分析,2019-08-0215:26:00,上海,本科,数据分析工程师,"节日礼金,体检旅游,年底双薪,带薪年假",经验3-5年,10k-18k,不需要融资,"移动互联网,金融"
5d43ea6451eceec5c3085007,高灯科技,500-2000人,数据分析,2019-08-0214:07:00,上海,本科,数据分析师（上海）,"腾讯系,职位晋升,年终奖丰富，15薪",经验3-5年,15k-20k,A轮,"移动互联网,电商"
5d43ea6451eceec5c3085008,ZRobot,50-150人,数据分析,2019-08-0211:15:00,上海,本科,数据分析师,"五险一金,补充医疗,节日福利,带薪年假",经验3-5年,15k-30k,未融资,"数据服务,企业服务"
5d43ea6451eceec5c3085009,虎扑,150-500人,数据分析,2019-08-0209:38:00,上海,本科,数据分析师（小回音APP）,"弹性工作,节日福利,五险一金,免费晚餐",经验3-5年,10k-20k,D轮及以上,"移动互联网,文娱丨内容"
5d43ea6451eceec5c308500a,简书,50-150人,数据分析,2019-07-24,上海,本科,数据分析师,大牛团队，自由度高，弹性工作，福利多多,经验1年以下,8k-12k,B轮,"移动互联网,文娱丨内容"
5d43ea6451eceec5c308500b,番糖游戏,50-150人,数据分析,2019-08-0215:00:00,上海,本科,数据分析师,"年底双薪,员工旅游,员工体检,餐补车补",经验1-3年,8k-16k,未融资,游戏
5d43ea6551eceec5c308500c,拼多多,2000人以上,数据分析,2019-07-28,上海,硕士,数据分析师,上升空间大，成长迅速，平台好，薪酬待遇高,经验1-3年,20k-40k,上市公司,"电商,移动互联网"
5d43ea6551eceec5c308500d,艾天科技,15-50人,数据分析,2019-08-01,上海,不限,数据分析师,"平台好,环境好,氛围好,机会多",经验3-5年,10k-20k,不需要融资,"企业服务,数据服务"
5d43ea6551eceec5c308500e,字节跳动,2000人以上,数据分析,2019-08-01,上海,本科,数据分析师,六险一金，弹性工作，免费三餐，餐补,经验1-3年,15k-30k,C轮,文娱丨内容
5d43ea6651eceec5c308500f,拼多多,2000人以上,数据分析,2019-07-28,上海,本科,数据分析师,GMV2600亿，活跃用户3亿,经验不限,15k-30k,上市公司,"电商,移动互联网"
5d43ea6651eceec5c3085010,返利网,500-2000人,数据分析,2019-08-01,上海,本科,数据分析师,"福利待遇好,工作环境优,六险一金",经验1-3年,10k-20k,C轮,电商
5d43ea6651eceec5c3085011,Hypers,50-150人,数据分析,2019-08-0209:54:00,上海,本科,数据分析师,"六险一金,定期体检,员工旅游,地铁周边",经验1-3年,8k-16k,上市公司,移动互联网
5d43ea6651eceec5c3085012,GeexFinance,150-500人,数据分析,2019-07-25,上海,本科,数据分析师,"大牛云集,团建,五险一金",经验1-3年,10k-15k,A轮,金融
5d43ea6651eceec5c3085013,圆通,2000人以上,数据分析,2019-08-0211:16:00,上海,本科,数据分析工程师,大平台，福利佳，上市公司,经验1-3年,12k-20k,上市公司,物流丨运输
5d43ea6751eceec5c3085014,驰骛科技ChiefClouds,50-150人,数据分析,2019-08-0211:03:00,上海,本科,数据分析师（数据运营）,五险一金补充商保免费零食免费晚餐年度体检,经验3-5年,10k-20k,A轮,"数据服务,移动互联网"
5d43ea6751eceec5c3085015,百融云创,500-2000人,数据分析,2019-08-0210:24:00,上海,本科,数据分析师,"年底双薪,绩效奖金,补充医疗",经验3-5年,15k-30k,C轮,金融
5d43ea6751eceec5c3085016,Target Social,50-150人,数据分析,2019-08-01,上海,本科,数据分析师,发展空间大，项目多，福利丰富,经验3-5年,10k-20k,B轮,"移动互联网,数据服务"
5d43ea6851eceec5c3085017,平安人寿,2000人以上,数据分析,2019-08-01,上海,本科,0222U8-数据分析岗,"五险一金,带薪年假,定期体检,免费班车",经验1-3年,15k-30k,上市公司,金融
5d43ea6851eceec5c3085018,美至科技,50-150人,数据分析,2019-08-0215:19:00,上海,本科,数据分析师,"团队氛围好,挑战与学习,办公环境好",经验1-3年,15k-20k,A轮,"移动互联网,消费生活"
5d43ea6851eceec5c3085019,字节跳动,2000人以上,数据分析,2019-08-0212:00:00,上海,本科,数据分析师,六险一金，餐补，租房补贴，带薪休假,经验3-5年,8k-15k,C轮,文娱丨内容
5d43ea6851eceec5c308501a,DataStory,150-500人,数据分析,2019-08-0210:36:00,上海,本科,数据分析师,五险一金 周末双休 扁平管理,经验1-3年,10k-20k,B轮,数据服务
5d43ea6851eceec5c308501b,萨摩耶金服,150-500人,数据分析,2019-08-0209:50:00,上海,本科,数据分析师,"晋升快,氛围好,商业医疗险,补充公积金",经验1-3年,13k-25k,C轮,金融
5d43ea6851eceec5c308501c,Oriente,500-2000人,数据分析,2019-07-31,上海,本科,数据分析师,"弹性工作,绩效奖金,股票期权,福利津贴",经验3-5年,15k-25k,B轮,"移动互联网,金融"
5d43ea6951eceec5c308501d,V8实拍,150-500人,数据分析,2019-07-23,上海,本科,数据分析师,补充商业保险 房补 免费三餐,经验1-3年,20k-40k,B轮,移动互联网
5d43ea6b51eceec5c308501e,驰骛科技ChiefClouds,50-150人,数据分析,2019-08-0211:03:00,上海,本科,数据分析与运营,员工餐 年度体检 免费零食 不打卡,经验3-5年,6k-10k,A轮,"数据服务,移动互联网"
5d43ea6b51eceec5c308501f,字节跳动,2000人以上,数据分析,2019-08-0212:00:00,上海,本科,数据分析师,15薪+1000餐补/月1000房补/月,经验1-3年,15k-30k,C轮,文娱丨内容
5d43ea6b51eceec5c3085020,萨摩耶金服,150-500人,数据分析,2019-08-0209:50:00,上海,本科,数据分析师,"精英团队,弹性工作,工作氛围好",经验1-3年,10k-20k,C轮,金融
5d43ea6b51eceec5c3085021,上海你我贷互联网金融信息服务,500-2000人,数据分析,2019-07-29,上海,本科,数据分析师（极融） (MJ000671),弹性工作 丰厚年底奖金,经验1年以下,15k-20k,上市公司,金融
5d43ea6b51eceec5c3085022,携程,2000人以上,数据分析,2019-08-0214:25:00,上海,本科,数据分析师,技术大牛群集，年度旅游，晋升机会,经验1-3年,15k-25k,上市公司,旅游
5d43ea6c51eceec5c3085023,流利说®,2000人以上,数据分析,2019-08-0212:06:00,上海,不限,数据分析师,美股上市 人工智能 不打卡 硅谷文化,经验3-5年,20k-35k,上市公司,教育
5d43ea6c51eceec5c3085024,趣头条,500-2000人,数据分析,2019-08-0210:10:00,上海,本科,数据分析师,薪资待遇好，全年基本上15薪以上。,经验3-5年,20k-40k,上市公司,文娱丨内容
5d43ea6c51eceec5c3085025,招商银行—出行易,150-500人,数据分析,2019-08-0209:33:00,上海,本科,数据分析工程师,带薪年假，节日补贴，高低温补，,经验3-5年,15k-25k,不需要融资,电商
5d43ea6c51eceec5c3085026,GeexFinance,150-500人,数据分析,2019-07-25,上海,本科,数据分析师,高速发展 精英团队 大牛带路,经验3-5年,15k-25k,A轮,金融
5d43ea6c51eceec5c3085027,哈啰出行,2000人以上,数据分析,2019-07-16,上海,不限,数据分析师 (MJ003207),互联网公司 弹性工作 领导好,经验不限,15k-25k,D轮及以上,"移动互联网,硬件"
5d43ea6c51eceec5c3085028,寻找母星,50-150人,数据分析,2019-08-0209:44:00,上海,本科,数据分析工程师,"大牛云集,薪资丰厚,团队优秀,晋升空间大",经验1-3年,11k-18k,天使轮,"移动互联网,消费生活"
5d43ea6d51eceec5c3085029,宏信金服,50-150人,数据分析,2019-07-25,上海,本科,数据分析师,数据分析、业务策略分析,经验1-3年,15k-25k,不需要融资,金融
5d43ea6d51eceec5c308502a,CLPS,500-2000人,数据分析,2019-08-0213:51:00,上海,硕士,数据分析师,"待遇高,环境好,有前景",经验1-3年,15k-22k,未融资,"数据服务,金融"
5d43ea6d51eceec5c308502b,永辉云创科技有限公司,2000人以上,数据分析,2019-08-0213:47:00,上海,本科,资深数据分析师,待遇优、空间大、平台好,经验5-10年,28k-38k,D轮及以上,"电商,消费生活"
5d43ea6d51eceec5c308502c,安我,50-150人,数据分析,2019-07-29,上海,本科,数据分析师,五险一金、绩效奖金、节日福利、户外活动,经验1-3年,10k-20k,A轮,医疗丨健康
5d43ea6f51eceec5c308502d,哈啰出行,2000人以上,数据分析,2019-08-0211:14:00,上海,不限,数据分析经理,"14薪,E轮,期权奖励",经验5-10年,26k-40k,D轮及以上,"移动互联网,硬件"
5d43ea6f51eceec5c308502e,趣头条,500-2000人,数据分析,2019-08-0215:14:00,上海,本科,资深数据分析师,上市公司，千万级日活，上升空间,经验5-10年,25k-50k,上市公司,文娱丨内容
5d43ea6f51eceec5c308502f,HARB,50-150人,数据分析,2019-07-29,上海,本科,数据分析师,"发展空间大,弹性工作,福利好,管理扁平",经验1-3年,10k-20k,B轮,企业服务
5d43ea7051eceec5c3085030,饿了么,2000人以上,数据分析,2019-08-0210:17:00,上海,本科,数据分析专家,发展前景,经验5-10年,16k-32k,D轮及以上,消费生活
5d43ea7051eceec5c3085031,同盾科技,500-2000人,数据分析,2019-08-0209:39:00,上海,不限,数据分析师-杭州/上海-01685,六险一金、双休、节日福利、旅游、免费零食,经验1-3年,10k-20k,C轮,"信息安全,数据服务"
5d43ea7051eceec5c3085032,挖财,500-2000人,数据分析,2019-08-0209:56:00,上海,本科,高级数据分析师 (MJ001016),"公司平台,晋升空间,弹性工作,节假日福利",经验3-5年,15k-30k,D轮及以上,工具
5d43ea7051eceec5c3085033,拼多多,2000人以上,数据分析,2019-07-28,上海,本科,数据分析师（平台治理方向）,"平台好,大牛多,薪资待遇佳",经验1年以下,15k-30k,上市公司,"电商,移动互联网"
5d43ea7051eceec5c3085034,R2.ai,50-150人,数据分析,2019-08-01,上海,本科,数据分析师,AI 美国公司,经验1-3年,11k-16k,A轮,人工智能
5d43ea7151eceec5c3085035,长投学堂,150-500人,数据分析,2019-08-01,上海,硕士,数据分析师(KOL方向),五险一金 年终奖 周末双休 朝九晚六,经验不限,10k-20k,A轮,移动互联网
5d43ea7151eceec5c3085036,携程,2000人以上,数据分析,2019-07-31,上海,本科,数据分析师(J18427),"平台大,领导好,办公环境好",经验3-5年,15k-30k,上市公司,旅游
5d43ea7151eceec5c3085037,树融科技,15-50人,数据分析,2019-07-31,上海,硕士,资深数据分析师,"管理扁平化,海外背景,高学历同事,充分尊重",经验不限,20k-40k,天使轮,"企业服务,数据服务"
5d43ea7151eceec5c3085038,房价网,50-150人,数据分析,2019-07-28,上海,本科,数据分析师,"平台好,待遇好,老板好,机会多",经验3-5年,15k-30k,B轮,"移动互联网,数据服务"
5d43ea7151eceec5c3085039,易居克而瑞,500-2000人,数据分析,2019-07-29,上海,本科,数据分析师,五险一金 技能培训 岗位晋升 实习生留用,经验不限,2k-4k,上市公司,"移动互联网,消费生活"
5d43ea7251eceec5c308503a,复星,2000人以上,数据分析,2019-07-22,上海,本科,数据分析师,平台大,经验5-10年,20k-40k,上市公司,"消费生活,金融"
5d43ea7251eceec5c308503b,泛为,150-500人,数据分析,2019-08-0210:18:00,上海,本科,资深数据分析师,"五险一金,员工旅游,餐饮补贴,弹性工作",经验3-5年,15k-25k,不需要融资,"移动互联网,广告营销"
5d43ea7351eceec5c308503c,小红书,500-2000人,数据分析,2019-07-30,上海,本科,数据分析师,年底多薪 福利超好 成长超快,经验1-3年,10k-20k,D轮及以上,消费生活
5d43ea7351eceec5c308503d,ZRobot,50-150人,数据分析,2019-08-0211:15:00,上海,本科,初级数据分析师-数据分析与建模方向,"五险一金,补充医疗,节日福利,带薪年假",经验3-5年,20k-40k,未融资,"数据服务,企业服务"
5d43ea7351eceec5c308503e,圣承,50-150人,数据分析,2019-07-25,上海,大专,数据分析员,名企 平台大 领导好,经验1-3年,8k-10k,未融资,"移动互联网,教育"
5d43ea7351eceec5c308503f,还呗-智能信贷领先者,500-2000人,数据分析,2019-08-0213:56:00,上海,本科,数据分析专家,补充公积金 大牛多 弹性不打卡,经验5-10年,25k-35k,B轮,金融
5d43ea7351eceec5c3085040,上海你我贷互联网金融信息服务,500-2000人,数据分析,2019-08-01,上海,本科,资深数据分析师,领导nice 大平台 上市公司,经验3-5年,15k-18k,上市公司,金融
5d43ea7351eceec5c3085041,浦发信用卡,2000人以上,数据分析,2019-07-31,上海,本科,数据分析师,绩效工资,经验1-3年,15k-25k,上市公司,金融
5d43ea7451eceec5c3085042,途虎养车网,2000人以上,数据分析,2019-08-0215:07:00,上海,本科,资深数据分析师,扁平化管理,经验5-10年,25k-30k,D轮及以上,汽车丨出行
5d43ea7451eceec5c3085043,维信金融科技集团,2000人以上,数据分析,2019-07-23,上海,本科,数据分析师（风险分析）,"团队优秀,发展平台好",经验1-3年,13k-18k,上市公司,金融
5d43ea7451eceec5c3085044,申通快递,2000人以上,数据分析,2019-07-11,上海,本科,数据分析师（高级）,五险一金 周末双休 大平台,经验3-5年,17k-30k,上市公司,消费生活
5d43ea7451eceec5c3085045,爱回收,2000人以上,数据分析,2019-07-12,上海,本科,数据分析师,扁平化管理 独角兽 90后管理层,经验3-5年,15k-25k,D轮及以上,"电商,消费生活"
5d43ea7551eceec5c3085046,趣头条,500-2000人,数据分析,2019-08-01,上海,本科,初中级数据分析,上升空间大，弹性工作，技术驱动,经验1-3年,12k-22k,上市公司,文娱丨内容
5d43ea7551eceec5c3085047,旺旺集团,2000人以上,数据分析,2019-07-25,上海,不限,数据分析,有班车、食堂；零食福利,经验不限,6k-8k,上市公司,"电商,移动互联网"
5d43ea7551eceec5c3085048,艾大,15-50人,数据分析,2019-07-23,上海,本科,数据分析,行业前景好，福利待遇好，晋升空间大，,经验1-3年,13k-20k,未融资,"企业服务,数据服务"
5d43ea7551eceec5c3085049,挖财,500-2000人,数据分析,2019-08-0209:56:00,上海,不限,数据分析实习生 (MJ000998),"公司平台,晋升空间,弹性工作,节假日福利",经验不限,2k-4k,D轮及以上,工具
5d43ea7551eceec5c308504a,上海艺馨信息科技有限公司,少于15人,数据分析,2019-07-23,上海,本科,数据分析,五险一金、双休、媒体关注度高,经验不限,10k-15k,未融资,"社交,企业服务"
5d43ea7751eceec5c308504b,掌门1对1在线教育,2000人以上,数据分析,2019-07-27,上海,本科,数据分析师,14薪，快速发展,经验1-3年,10k-20k,D轮及以上,"移动互联网,教育"
5d43ea7751eceec5c308504c,上海腾聘,50-150人,数据分析,2019-07-25,上海,本科,数据分析leader,"发展空间,薪资给力,期权",经验5-10年,35k-65k,B轮,"移动互联网,数据服务"
5d43ea7751eceec5c308504d,WESTWELLlab西井科技,50-150人,数据分析,2019-07-22,上海,硕士,数据分析师,"发展平台,激发潜力,一线福利,团队有爱",经验不限,18k-25k,B轮,"数据服务,硬件"
5d43ea7751eceec5c308504e,携程,2000人以上,数据分析,2019-07-30,上海,本科,数据分析师,五险一金 节假日福利 带薪年假 年终奖,经验3-5年,15k-30k,上市公司,旅游
5d43ea7751eceec5c308504f,算话智能科技有限公司,50-150人,数据分析,2019-07-29,上海,不限,数据分析实习(可留用),优秀团队、股票期权、绩效奖金、福利补贴,经验不限,3k-5k,B轮,"数据服务,移动互联网"
5d43ea7851eceec5c3085050,平安医疗,500-2000人,数据分析,2019-07-04,上海,本科,数据分析,大平台,经验3-5年,15k-25k,未融资,医疗健康
5d43ea7851eceec5c3085051,证通股份,150-500人,数据分析,2019-07-25,上海,本科,数据分析师,"公司平台稳定有潜力,补充公积金,补充医疗",经验3-5年,20k-35k,不需要融资,"移动互联网,金融"
5d43ea7851eceec5c3085052,商涌网络,50-150人,数据分析,2019-08-0214:39:00,上海,本科,数据分析工程师,"学习成长快团队氛围好发展空间大,新兴行业",经验不限,8k-15k,A轮,数据服务
5d43ea7851eceec5c3085053,同盾科技,500-2000人,数据分析,2019-08-0209:39:00,上海,本科,数据分析leader（信贷风控）-00888,"五险一金,带薪年假,弹性工作,商业保险",经验5-10年,25k-35k,C轮,"信息安全,数据服务"
5d43ea7851eceec5c3085054,虎扑,150-500人,数据分析,2019-08-0209:38:00,上海,本科,数据分析工程师,"平台广阔,团队靠谱,激励优厚",经验3-5年,15k-30k,D轮及以上,"移动互联网,文娱丨内容"
5d43ea7951eceec5c3085055,凹凸租车,500-2000人,数据分析,2019-07-29,上海,本科,资深数据分析师,做五休二 办公环境佳,经验5-10年,25k-30k,C轮,"移动互联网,电商"
5d43ea7951eceec5c3085056,一面数据,50-150人,数据分析,2019-08-0210:26:00,上海,本科,数据分析师助理,大数据人工智能；名校系大牛；技术氛围浓,经验不限,5k-8k,A轮,"移动互联网,数据服务"
5d43ea7951eceec5c3085057,新分享科技服务,50-150人,数据分析,2019-07-16,上海,本科,数据分析岗,年底双薪，绩效奖金，带薪年假，金融科技,经验1-3年,20k-30k,B轮,金融
5d43ea7951eceec5c3085058,威斯科技,50-150人,数据分析,2019-08-0210:40:00,上海,本科,资深数据分析师,发展空间大，薪资待遇优厚,经验5-10年,30k-55k,未融资,移动互联网
5d43ea7951eceec5c3085059,韩创科技,500-2000人,数据分析,2019-08-0214:45:00,上海,本科,高级数据分析师,五险一金 周末双休 绩效奖金 带薪年假,经验3-5年,12k-18k,不需要融资,"移动互联网,文娱丨内容"
5d43ea7b51eceec5c308505a,久谦咨询,50-150人,数据分析,2019-07-26,上海,本科,数据分析师,"薪资高,待遇高,发展平台好",经验不限,9k-18k,未融资,"企业服务,数据服务"
5d43ea7b51eceec5c308505b,掌门1对1在线教育,2000人以上,数据分析,2019-07-18,上海,本科,数据分析师,14薪 员工旅游 定期体检 五险一金,经验1-3年,12k-23k,D轮及以上,"移动互联网,教育"
5d43ea7b51eceec5c308505c,拍拍贷,2000人以上,数据分析,2019-07-31,上海,本科,数据分析工程师/专家（市场流量）,优秀团队，快速发展，核心业务,经验1-3年,10k-15k,上市公司,金融
5d43ea7c51eceec5c308505d,小红书,500-2000人,数据分析,2019-07-15,上海,本科,数据分析师,"数据分析,用户增长,社区电商,大牛多",经验3-5年,15k-30k,D轮及以上,消费生活
5d43ea7c51eceec5c308505e,名片全能王,150-500人,数据分析,2019-08-0213:34:00,上海,本科,数据分析工程师,五险一金 扁平化管理,经验1-3年,10k-15k,C轮,移动互联网
5d43ea7c51eceec5c308505f,寻找母星,50-150人,数据分析,2019-08-0209:44:00,上海,本科,初级数据分析师,"大牛云集,薪资丰厚,团队优秀,晋升空间大",经验1年以下,6k-10k,天使轮,"移动互联网,消费生活"
5d43ea7c51eceec5c3085060,旖美科技,150-500人,数据分析,2019-07-03,上海,本科,数据分析师,氛围和谐 老大靠谱,经验1-3年,10k-18k,A轮,"数据服务,金融"
5d43ea7c51eceec5c3085061,同盾科技,500-2000人,数据分析,2019-08-0209:39:00,上海,本科,数据分析专家（信贷风控）-01364,五险一金、绩效奖金、带薪年假、行业前沿,经验3-5年,20k-30k,C轮,"信息安全,数据服务"
5d43ea7c51eceec5c3085062,云积互动,150-500人,数据分析,2019-08-0211:21:00,上海,本科,资深数据分析师,高能团队 五险一金 多次调薪,经验3-5年,15k-25k,天使轮,"企业服务,移动互联网"
5d43ea7d51eceec5c3085063,通联数据,150-500人,数据分析,2019-07-30,上海,本科,数据分析师（股票方向）SH,五险一金、年假、补充医疗保险,经验1-3年,15k-25k,不需要融资,金融
5d43ea7d51eceec5c3085064,GeexFinance,150-500人,数据分析,2019-07-25,上海,大专,数据分析工程师,晋升空间,经验3-5年,10k-20k,A轮,金融
5d43ea7d51eceec5c3085065,字节跳动,2000人以上,数据分析,2019-08-0212:00:00,上海,本科,数据分析经理,15薪+1000餐补/月1000房补/月,经验1-3年,30k-50k,C轮,文娱丨内容
5d43ea7d51eceec5c3085066,微盟,2000人以上,数据分析,2019-07-03,上海,本科,数据分析师（新零售）,"发展速度快,晋升空间大,团队给力",经验1-3年,8k-10k,上市公司,企业服务
5d43ea7d51eceec5c3085067,趣头条,500-2000人,数据分析,2019-08-01,上海,本科,高级数据分析师,大牛多 上市公司 福利好,经验5-10年,30k-60k,上市公司,文娱丨内容
5d43ea7d51eceec5c3085068,麦图科技,15-50人,数据分析,2019-08-01,上海,大专,数据分析专员-人工智能方向,股票期权，带薪年假，弹性工作，扁平管理,经验不限,7k-9k,A轮,数据服务
5d43ea7f51eceec5c3085069,小红书,500-2000人,数据分析,2019-07-15,上海,本科,数据分析师,包三餐 零食饮料无限量供应,经验3-5年,15k-30k,D轮及以上,消费生活
5d43ea8051eceec5c308506a,观远数据,50-150人,数据分析,2019-07-31,上海,本科,解决方案顾问/售前顾问 / 数据分析师,"成长空间,牛人团队,独挡一面,期权激励",经验3-5年,15k-30k,A轮,"企业服务,数据服务"
5d43ea8051eceec5c308506b,安居客,500-2000人,数据分析,2019-08-0209:48:00,上海,本科,高级数据分析师,团队专业、核心业务,经验3-5年,15k-20k,上市公司,移动互联网
5d43ea8051eceec5c308506c,携程,2000人以上,数据分析,2019-07-31,上海,本科,数据分析经理,旅游老大等你来~,经验3-5年,20k-40k,上市公司,旅游
5d43ea8051eceec5c308506d,GeexFinance,150-500人,数据分析,2019-07-25,上海,本科,资深数据分析师,"精英团队,优渥薪资,高速发展,大数据分析",经验3-5年,10k-20k,A轮,金融
5d43ea8051eceec5c308506e,Teambition,150-500人,数据分析,2019-08-0215:25:00,上海,本科,高级数据分析师,"团队优秀,定位明确,年息双薪",经验3-5年,20k-40k,B轮,"移动互联网,企业服务"
5d43ea8051eceec5c308506f,鱼泡泡,150-500人,数据分析,2019-08-01,上海,本科,高级数据分析师,"五险一金,弹性工作,团队氛围好,带薪年假",经验3-5年,15k-25k,B轮,社交
5d43ea8051eceec5c3085070,掌门1对1在线教育,2000人以上,数据分析,2019-07-27,上海,不限,数据分析专员,14薪 员工旅游 定期体检 五险一金,经验1-3年,12k-23k,D轮及以上,"移动互联网,教育"
5d43ea8151eceec5c3085071,零境网络,50-150人,数据分析,2019-07-18,上海,大专,游戏运营-数据分析师,年度海外旅游，扁平化管理，帅哥美女,经验3-5年,8k-13k,不需要融资,游戏
5d43ea8151eceec5c3085072,饿了么,2000人以上,数据分析,2019-07-17,上海,本科,资深数据分析师/商业分析专家,"大数据,场景复杂,多样化,有挑战",经验3-5年,20k-40k,D轮及以上,消费生活
5d43ea8151eceec5c3085073,趣头条,500-2000人,数据分析,2019-07-12,上海,本科,数据分析专家,美女如云，大牛云集,经验3-5年,25k-50k,上市公司,文娱丨内容
5d43ea8151eceec5c3085074,眸事网,150-500人,数据分析,2019-08-01,上海,不限,业务数据分析,期权激励 大数据平台 发展空间大,经验1-3年,8k-12k,天使轮,"移动互联网,企业服务"
5d43ea8151eceec5c3085075,算话智能科技有限公司,50-150人,数据分析,2019-07-29,上海,本科,高级数据分析师,优秀团队、绩效奖金、福利津贴、定期体检,经验3-5年,15k-30k,B轮,"数据服务,移动互联网"
5d43ea8151eceec5c3085076,米立,50-150人,数据分析,2019-07-27,上海,本科,资深数据分析/BI,股票期权、快速学习,经验1年以下,15k-30k,A轮,移动互联网
5d43ea8251eceec5c3085077,字节跳动,2000人以上,数据分析,2019-08-0211:46:00,上海,本科,数据分析工程师-效率工程,六险一金，高薪期权，弹性工作，免费三餐,经验不限,20k-40k,C轮,文娱丨内容
5d43ea8351eceec5c3085078,晨光科力普,500-2000人,数据分析,2019-07-31,上海,不限,数据分析专员,上市公司正规，细分市场龙头，业绩每年翻倍,经验不限,8k-15k,不需要融资,"电商,企业服务"
5d43ea8351eceec5c3085079,字节跳动,2000人以上,数据分析,2019-08-01,上海,本科,资深数据分析师,六险一金，弹性工作，免费三餐，餐补,经验1-3年,20k-40k,C轮,文娱丨内容
5d43ea8351eceec5c308507a,上海瑞阙文化发展有限公司,150-500人,数据分析,2019-08-01,上海,本科,数据分析主管（客服部门）,"五险一金,弹性工作,带薪病假,免费晚餐",经验5-10年,15k-20k,不需要融资,"移动互联网,金融"
5d43ea8451eceec5c308507b,饿了么,2000人以上,数据分析,2019-07-24,上海,本科,数据分析专家,发展前景 晋升空间,经验5-10年,25k-40k,D轮及以上,消费生活
5d43ea8451eceec5c308507c,快牛金科,500-2000人,数据分析,2019-07-30,上海,本科,数据分析主管,"大咖云集,福利好,做五休二,年终奖",经验3-5年,20k-35k,B轮,其他
5d43ea8451eceec5c308507d,京东物流,2000人以上,数据分析,2019-08-01,上海,本科,数据分析师,大平台，餐补,经验3-5年,12k-22k,上市公司,物流丨运输
5d43ea8451eceec5c308507e,毒APP,500-2000人,数据分析,2019-07-30,上海,本科,资深数据分析师,公司发展快 有成就感,经验5-10年,25k-40k,B轮,"移动互联网,电商"
5d43ea8451eceec5c308507f,哈啰出行,2000人以上,数据分析,2019-08-0211:14:00,上海,本科,业务数据分析,"领导好,平台优",经验5-10年,20k-35k,D轮及以上,"移动互联网,硬件"
5d43ea8451eceec5c3085080,Gridsum 国双,500-2000人,数据分析,2019-08-0210:44:00,上海,本科,高级数据分析师,大数据上市公司，氛围好，牛人多,经验3-5年,15k-20k,上市公司,"数据服务,企业服务"
5d43ea8551eceec5c3085081,宝尊电商,2000人以上,数据分析,2019-07-29,上海,本科,高级数据分析师,六险一金上市公司加班补贴 绩效奖金全勤奖,经验3-5年,10k-15k,上市公司,企业服务
5d43ea8551eceec5c3085082,虎扑,150-500人,数据分析,2019-08-0209:38:00,上海,本科,高级数据分析师（流量增长方向）,发展空间广阔、晋升完善、地铁周边、大平台,经验3-5年,15k-25k,D轮及以上,"移动互联网,文娱丨内容"
5d43ea8551eceec5c3085083,触宝,500-2000人,数据分析,2019-08-0209:43:00,上海,本科,高级数据分析师,美股上市公司，团队牛人多,经验3-5年,25k-40k,上市公司,"移动互联网,数据服务"
5d43ea8551eceec5c3085084,携程,2000人以上,数据分析,2019-07-30,上海,硕士,资深数据分析师,业务数据分析,经验3-5年,15k-25k,上市公司,旅游
5d43ea8551eceec5c3085085,交银企服,2000人以上,数据分析,2019-07-10,上海,本科,资深数据分析经理,银行，国企,经验5-10年,25k-50k,上市公司,"移动互联网,金融"
5d43ea8651eceec5c3085086,AdMaster,2000人以上,数据分析,2019-08-0214:09:00,上海,本科,高级数据分析师,空间大 平台好 福利多,经验1-3年,8k-15k,不需要融资,数据服务
5d43ea8651eceec5c3085087,饿了么,2000人以上,数据分析,2019-07-22,上海,本科,数据分析专家,13薪、福利旅游、扁平化管理,经验5-10年,25k-35k,D轮及以上,消费生活
5d43ea8651eceec5c3085088,字节跳动,2000人以上,数据分析,2019-08-0212:00:00,上海,本科,商业化数据分析师,六险二金 餐补 租房补贴 岗位晋升,经验3-5年,15k-30k,C轮,文娱丨内容
5d43ea8651eceec5c3085089,宜家,2000人以上,数据分析,2019-08-0214:04:00,上海,本科,高级数据分析师,员工餐厅 企业年金 超长年假 外企福利,经验5-10年,1k-2k,不需要融资,消费生活
5d43ea8751eceec5c308508a,眸事网,150-500人,数据分析,2019-08-01,上海,本科,高级数据分析师,"行业先锋,数据驱动,项目奖金,活力年轻",经验3-5年,10k-15k,天使轮,"移动互联网,企业服务"
5d43ea8751eceec5c308508b,蜻蜓FM,150-500人,数据分析,2019-08-0210:17:00,上海,本科,用户增长数据分析师,团队优秀,经验3-5年,20k-30k,D轮及以上,移动互联网
5d43ea8751eceec5c308508c,哔哩哔哩,2000人以上,数据分析,2019-07-31,上海,本科,高级数据分析师,空间大,经验3-5年,15k-30k,上市公司,"移动互联网,文娱丨内容"
5d43ea8751eceec5c308508d,交银企服,2000人以上,数据分析,2019-07-03,上海,本科,数据分析经理（金融科技）,银行，国企,经验5-10年,15k-30k,上市公司,"移动互联网,金融"
5d43ea8751eceec5c308508e,长投学堂,150-500人,数据分析,2019-08-01,上海,硕士,高级数据分析师/数据分析专家,平台好，发展空间大,经验3-5年,30k-40k,A轮,移动互联网
5d43ea8751eceec5c308508f,摩天轮,150-500人,数据分析,2019-08-0212:07:00,上海,本科,高级数据分析工程师,发展空间,经验5-10年,20k-30k,C轮,"移动互联网,电商"
5d43ea8851eceec5c3085090,上海锐力健身装备有限公司,2000人以上,数据分析,2019-07-11,上海,本科,数据分析专家（IT）,团队稳 领导好 做五休二 不经常加班,经验3-5年,13k-17k,不需要融资,其他
5d43ea8851eceec5c3085091,Shopee,2000人以上,数据分析,2019-08-0210:48:00,上海,本科,高级数据分析师,领航电商，六险一金，15天带薪年假,经验3-5年,15k-20k,上市公司,电商
5d43ea8851eceec5c3085092,Oriente,500-2000人,数据分析,2019-07-31,上海,本科,高级数据分析师,补贴，培训基金，期权，五险一金，出国旅游,经验5-10年,25k-40k,B轮,"移动互联网,金融"
5d43ea8851eceec5c3085093,维信金融科技集团,2000人以上,数据分析,2019-08-0209:46:00,上海,本科,高级数据分析师,上市公司，带薪年假，试用期全薪，年终多薪,经验3-5年,15k-20k,上市公司,金融
5d43ea8851eceec5c3085094,关爱通,150-500人,数据分析,2019-08-0211:14:00,上海,本科,高级数据分析师,福利好 假期多,经验3-5年,15k-30k,未融资,"电商,企业服务"
5d43ea8851eceec5c3085095,Hypers,50-150人,数据分析,2019-08-0209:54:00,上海,本科,高级数据分析师,"成长空间大,大牛多,氛围好,领导优",经验5-10年,25k-40k,上市公司,移动互联网
5d43ea8a51eceec5c3085096,饿了么,2000人以上,数据分析,2019-07-16,上海,本科,资深数据分析专员,"弹性工作,互联网氛围,福利待遇优,大平台",经验5-10年,30k-40k,D轮及以上,消费生活
5d43ea8a51eceec5c3085097,字节跳动,2000人以上,数据分析,2019-08-01,上海,本科,商业化数据分析师,六险一金，弹性工作，免费三餐，租房补贴,经验3-5年,20k-40k,C轮,文娱丨内容
5d43ea8a51eceec5c3085098,长投学堂,150-500人,数据分析,2019-08-01,上海,本科,中级数据分析师,扁平化管理 、带薪年假、季度团建,经验1-3年,15k-25k,A轮,移动互联网
5d43ea8b51eceec5c3085099,宜家,2000人以上,数据分析,2019-08-0214:04:00,上海,本科,高级数据分析师,员工餐厅 企业年金 超长年假 外企福利,经验5-10年,1k-2k,不需要融资,消费生活
5d43ea8b51eceec5c308509a,平安科技,2000人以上,数据分析,2019-08-01,上海,硕士,11217R-高级数据分析师（GBD）,"五险一金,绩效奖金,加班补助,交通补助",经验3-5年,15k-30k,不需要融资,金融
5d43ea8b51eceec5c308509b,上海你我贷互联网金融信息服务,500-2000人,数据分析,2019-08-0213:27:00,上海,本科,高级商业分析师/高级数据分析师,纳斯达克上市公司 职位上升空间大,经验3-5年,20k-40k,上市公司,金融
5d43ea8b51eceec5c308509c,爱库存,500-2000人,数据分析,2019-07-15,上海,本科,数据分析专家/经理,年终奖 独角兽 弹性工作 午晚餐,经验5-10年,30k-45k,B轮,"移动互联网,电商"
5d43ea8b51eceec5c308509d,小红书,500-2000人,数据分析,2019-08-01,上海,本科,薪酬数据分析岗,免费三餐，带薪年假，管理扁平,经验3-5年,20k-40k,D轮及以上,消费生活
5d43ea8b51eceec5c308509e,河姆渡电子商务有限公司,500-2000人,数据分析,2019-08-0212:59:00,上海,本科,高级数据分析师(J10257),"福利丰厚,晋升空间大",经验5-10年,15k-25k,A轮,电商
5d43ea8c51eceec5c308509f,旺旺集团,2000人以上,数据分析,2019-07-29,上海,大专,业务数据分析,节日福利、七天年假、员工班车、加班工资,经验1-3年,6k-8k,上市公司,"电商,移动互联网"
5d43ea8c51eceec5c30850a0,哈啰出行,2000人以上,数据分析,2019-07-25,上海,本科,业务数据分析(J10479),五险一金 弹性工作时间 补贴,经验3-5年,25k-45k,D轮及以上,"移动互联网,硬件"
5d43ea8c51eceec5c30850a1,美团点评,2000人以上,数据分析,2019-07-29,上海,本科,业务数据分析,平台好，发展空间大,经验3-5年,15k-30k,上市公司,消费生活
5d43ea8c51eceec5c30850a2,信用飞/首付游,150-500人,数据分析,2019-08-01,上海,本科,模型数据分析师,"弹性工作,扁平管理,年轻团队,高效透明",经验1-3年,15k-25k,B轮,移动互联网
5d43ea8c51eceec5c30850a3,平安健康互联网,2000人以上,数据分析,2019-08-01,上海,本科,数据分析岗,上市公司，互联网医疗，独角兽，薪资福利佳,经验3-5年,15k-20k,上市公司,"移动互联网,医疗丨健康"
5d43ea8c51eceec5c30850a4,掌门集团,500-2000人,数据分析,2019-07-23,上海,本科,高级数据分析师,"弹性工作,福利待遇好,千万级用户,工作氛围好",经验3-5年,20k-30k,B轮,"移动互联网,消费生活"
5d43ea8e51eceec5c30850a5,字节跳动,2000人以上,数据分析,2019-08-01,上海,硕士,高级数据分析师,弹性工作，晋升空间，团队氛围好,经验3-5年,15k-30k,C轮,文娱丨内容
5d43ea8e51eceec5c30850a6,长投学堂,150-500人,数据分析,2019-08-01,上海,本科,高级数据分析师,扁平化管理 季度团建 带薪年假,经验3-5年,15k-30k,A轮,移动互联网
5d43ea8e51eceec5c30850a7,旺旺集团,2000人以上,数据分析,2019-07-30,上海,不限,业务数据分析,节日福利、七天年假、员工班车、加班工资,经验不限,6k-8k,上市公司,"电商,移动互联网"
5d43ea8e51eceec5c30850a8,信用飞/首付游,150-500人,数据分析,2019-08-01,上海,本科,模型数据分析师 (MJ000055),专业培训、扁平管理、晋升通畅、成长空间大,经验3-5年,15k-25k,B轮,移动互联网
5d43ea8f51eceec5c30850a9,恋暖初茶,150-500人,数据分析,2019-07-30,上海,大专,数据分析,带薪年假、节日福利、生日补贴、内部福利,经验1-3年,4k-6k,未融资,消费生活
5d43ea8f51eceec5c30850aa,守易科技,15-50人,数据分析,2019-08-0211:31:00,上海,本科,大数据分析师,股票期权 带薪年假 扁平管理 新技术研究,经验3-5年,15k-20k,A轮,"移动互联网,电商"
5d43ea8f51eceec5c30850ab,五四互娱,150-500人,数据分析,2019-08-0209:42:00,上海,本科,手游数据分析师,游戏氛围 节假日福利 交通餐补,经验3-5年,10k-18k,未融资,游戏
5d43ea8f51eceec5c30850ac,爱奇艺,2000人以上,数据分析,2019-07-22,上海,本科,高级数据分析师,高绩效奖金 弹性工作时间 高大上工作环境,经验3-5年,15k-30k,上市公司,文娱丨内容
5d43ea8f51eceec5c30850ad,微创软件,2000人以上,数据分析,2019-07-04,上海,本科,高级数据分析师,技术新颖；有发展、有前景；晋升机会多；,经验3-5年,18k-32k,不需要融资,"企业服务,移动互联网"
5d43ea8f51eceec5c30850ae,通联数据,150-500人,数据分析,2019-07-30,上海,本科,资深数据分析师（宏观行业）SH,五险一金、年假、补充医疗保险,经验1-3年,15k-25k,不需要融资,金融
5d43ea8f51eceec5c30850af,微盟,2000人以上,数据分析,2019-07-03,上海,本科,高级数据分析,"平台大,产品线多,大牛多,弹性工作时间",经验1-3年,8k-12k,上市公司,企业服务
5d43ea9051eceec5c30850b0,驰骛科技ChiefClouds,50-150人,数据分析,2019-08-01,上海,本科,商业数据分析师,员工餐 年度体检 免费零食 不打卡,经验3-5年,15k-30k,A轮,"数据服务,移动互联网"
5d43ea9051eceec5c30850b1,携程,2000人以上,数据分析,2019-07-30,上海,本科,产品数据分析师,五险一金 节假日福利 带薪年假,经验1-3年,10k-15k,上市公司,旅游
5d43ea9051eceec5c30850b2,达达-京东到家,2000人以上,数据分析,2019-08-0214:30:00,上海,本科,高级数据分析经理,处在风口的发展平台，牛逼的团队,经验5-10年,30k-50k,D轮及以上,消费生活
5d43ea9051eceec5c30850b3,青西柚教育,15-50人,数据分析,2019-08-0208:44:00,上海,硕士,数据分析师,福利好薪资高，,经验3-5年,20k-30k,不需要融资,教育
5d43ea9151eceec5c30850b4,信用飞/首付游,150-500人,数据分析,2019-08-01,上海,本科,模型数据分析师 (MJ000118),专业培训、扁平管理、晋升通畅、成长空间大,经验3-5年,15k-30k,B轮,移动互联网
5d43ea9151eceec5c30850b5,驰骛科技ChiefClouds,50-150人,数据分析,2019-08-0211:03:00,上海,本科,商业数据分析师,体检 员工餐 不打卡 地铁周边,经验3-5年,18k-36k,A轮,"数据服务,移动互联网"
5d43ea9251eceec5c30850b6,达达-京东到家,2000人以上,数据分析,2019-08-0214:30:00,上海,硕士,高级数据分析经理,"数据分析,经理,管理20+",经验5-10年,30k-50k,D轮及以上,消费生活
5d43ea9251eceec5c30850b7,平安健康互联网,2000人以上,数据分析,2019-07-30,上海,本科,32216W-数据分析,"五险一金,绩效奖金,定期体检,带薪年假",经验1年以下,10k-15k,上市公司,"移动互联网,医疗丨健康"
5d43ea9251eceec5c30850b8,上海麦晗科技有限公司,50-150人,数据分析,2019-07-28,上海,本科,数据分析师,发展前景具有吸引力,经验3-5年,15k-30k,未融资,移动互联网
5d43ea9251eceec5c30850b9,策推信息,15-50人,数据分析,2019-08-01,上海,本科,数据分析师（SQL）,"五险一金,带薪年假,餐补",经验1-3年,8k-15k,不需要融资,"数据服务,人工智能"
5d43ea9251eceec5c30850ba,携程,2000人以上,数据分析,2019-07-30,上海,本科,产品数据分析师,五险一金 节假日福利 带薪年假,经验1-3年,10k-15k,上市公司,旅游
5d43ea9251eceec5c30850bb,寄云科技,50-150人,数据分析,2019-07-29,上海,本科,数据分析工程师,五险一金，带薪年假，弹性工作，,经验5-10年,20k-40k,A轮,"移动互联网,数据服务"
5d43ea9351eceec5c30850bc,拾梦文化,50-150人,数据分析,2019-08-0214:51:00,上海,本科,广告数据分析师,"老板好,福利好,团建多",经验3-5年,10k-20k,A轮,"游戏,移动互联网"
5d43ea9351eceec5c30850bd,联蔚数据,150-500人,数据分析,2019-07-20,上海,本科,数据分析师（电商）,深入业务，超nice的办公环境,经验1-3年,10k-15k,不需要融资,数据服务
5d43ea9351eceec5c30850be,京东数字科技,2000人以上,数据分析,2019-07-30,上海,本科,数据分析师,福利待遇、人才发展,经验3-5年,20k-40k,上市公司,金融
5d43ea9351eceec5c30850bf,CraiditX,50-150人,数据分析,2019-08-0213:29:00,上海,本科,数据分析师,"AI技术,福利优厚,精英团队,弹性工作制",经验应届毕业生,10k-20k,B轮,"金融,数据服务"
5d43ea9351eceec5c30850c0,瑞安房地产,500-2000人,数据分析,2019-08-01,上海,本科,数据分析经理,优质地产开发商 外企,经验5-10年,25k-35k,上市公司,其他
5d43ea9351eceec5c30850c1,北风网,150-500人,数据分析,2019-07-16,上海,本科,数据分析师,五险一金 节假日福利 公司大平台大舞台,经验3-5年,15k-25k,C轮,教育
5d43ea9451eceec5c30850c2,华鑫证券,500-2000人,数据分析,2019-07-23,上海,不限,数据分析师,领导是大牛、福利待遇好、晋升空间大,经验1-3年,12k-20k,上市公司,金融
5d43ea9551eceec5c30850c3,信用飞/首付游,150-500人,数据分析,2019-08-01,上海,本科,模型数据分析师 (MJ000118),专业培训、扁平管理、晋升通畅、成长空间大,经验3-5年,15k-30k,B轮,移动互联网
5d43ea9551eceec5c30850c4,驰骛科技ChiefClouds,50-150人,数据分析,2019-08-0211:03:00,上海,本科,商业数据分析师,体检 员工餐 不打卡 地铁周边,经验3-5年,18k-36k,A轮,"数据服务,移动互联网"
5d43ea9551eceec5c30850c5,达达-京东到家,2000人以上,数据分析,2019-08-0214:30:00,上海,硕士,高级数据分析经理,"数据分析,经理,管理20+",经验5-10年,30k-50k,D轮及以上,消费生活
5d43ea9551eceec5c30850c6,平安健康互联网,2000人以上,数据分析,2019-07-30,上海,本科,32216W-数据分析,"五险一金,绩效奖金,定期体检,带薪年假",经验1年以下,10k-15k,上市公司,"移动互联网,医疗丨健康"
5d43ea9551eceec5c30850c7,上海麦晗科技有限公司,50-150人,数据分析,2019-07-28,上海,本科,数据分析师,发展前景具有吸引力,经验3-5年,15k-30k,未融资,移动互联网
5d43ea9651eceec5c30850c8,驰骛科技ChiefClouds,50-150人,数据分析,2019-08-0211:03:00,上海,本科,商业数据分析师,体检 员工餐 不打卡 地铁周边,经验3-5年,18k-36k,A轮,"数据服务,移动互联网"
5d43ea9651eceec5c30850c9,平安健康互联网,2000人以上,数据分析,2019-08-01,上海,本科,数据分析经理,500强平台 互联网医疗独角兽,经验5-10年,21k-35k,上市公司,"移动互联网,医疗丨健康"
5d43ea9651eceec5c30850ca,PINTEC,150-500人,数据分析,2019-07-31,上海,本科,数据分析实习生,"弹性工作,六险一金,补充医疗,带薪休假",经验应届毕业生,3k-5k,上市公司,"移动互联网,金融"
5d43ea9751eceec5c30850cb,沐睦网络,50-150人,数据分析,2019-07-29,上海,大专,游戏数据分析师,"扁平化,领导好,团队氛围好",经验1-3年,6k-12k,不需要融资,游戏
5d43ea9751eceec5c30850cc,度小满金融,500-2000人,数据分析,2019-07-26,上海,本科,商业数据分析,福利待遇 发展空间 团队氛围,经验5-10年,25k-50k,A轮,金融
5d43ea9751eceec5c30850cd,籁恩电商,15-50人,数据分析,2019-07-29,上海,本科,数据分析师,周末双休 和谐气氛 五险一金,经验1-3年,6k-10k,未融资,电商
5d43ea9751eceec5c30850ce,上海米哈游,500-2000人,数据分析,2019-08-01,上海,本科,游戏数据分析师（海外）,"六险一金,年度旅游,带薪休假,扁平化",经验3-5年,15k-30k,不需要融资,"移动互联网,游戏"
5d43ea9751eceec5c30850cf,上海银行信用卡中心,2000人以上,数据分析,2019-07-31,上海,本科,数据分析师,"正式编制,餐补车贴,带薪年假,八险一金",经验3-5年,15k-18k,不需要融资,金融
5d43ea9751eceec5c30850d0,一面数据,50-150人,数据分析,2019-08-0210:26:00,上海,本科,数据分析师(商业方向，中高级,大数据人工智能；名校系大牛；技术氛围浓,经验1-3年,10k-20k,A轮,"移动互联网,数据服务"
5d43ea9851eceec5c30850d1,乐麦信息技术（杭州）有限公司,500-2000人,数据分析,2019-07-31,上海,本科,数据分析师（实习生）,周末双休、节日福利,经验应届毕业生,1k-2k,不需要融资,电商
5d43ea9851eceec5c30850d2,永诚保险,2000人以上,数据分析,2019-07-23,上海,本科,数据分析岗,带薪年假/定期体检/餐补/交通通讯补助/,经验5-10年,10k-20k,上市公司,"金融,移动互联网"
5d43ea9851eceec5c30850d3,阿里巴巴-新零售技术事业群,2000人以上,数据分析,2019-08-01,上海,不限,数据分析师,"阿里巴巴，完善福利,技术导向",经验应届毕业生,25k-40k,上市公司,电商
5d43ea9851eceec5c30850d4,海万科技,500-2000人,数据分析,2019-07-30,上海,本科,可视化数据分析,五险一金　　　年终奖　　　体检旅游　　　,经验1-3年,6k-8k,不需要融资,"移动互联网,金融"
5d43ea9851eceec5c30850d5,晨哨网,15-50人,数据分析,2019-07-31,上海,本科,数据分析师,-----全员期权 骨干股权-----,经验3-5年,15k-25k,天使轮,金融
5d43ea9851eceec5c30850d6,携程,2000人以上,数据分析,2019-07-23,上海,本科,市场数据分析师,"国际业务,平台大",经验1-3年,10k-15k,上市公司,旅游
5d43ea9a51eceec5c30850d7,上海米哈游,500-2000人,数据分析,2019-08-01,上海,本科,游戏数据分析,"扁平化,知名项目,年底多薪,六险一金",经验1-3年,20k-40k,不需要融资,"移动互联网,游戏"
5d43ea9a51eceec5c30850d8,电视猫MoreTV,150-500人,数据分析,2019-07-23,上海,本科,数据分析产品经理,团队氛围好，快速成长,经验3-5年,18k-25k,B轮,"移动互联网,硬件"
5d43ea9a51eceec5c30850d9,上海寰易,150-500人,数据分析,2019-07-08,上海,本科,数据分析师,亿级数据 大牛指导,经验1年以下,10k-15k,上市公司,"金融,企业服务"
5d43ea9b51eceec5c30850da,上海科发,15-50人,数据分析,2019-08-01,上海,硕士,数据分析,数据 团队建设,经验应届毕业生,3k-4k,不需要融资,数据服务
5d43ea9b51eceec5c30850db,字节跳动,2000人以上,数据分析,2019-08-01,上海,本科,游戏数据分析师,弹性工作，免费三餐，租房补贴，带薪休假,经验3-5年,20k-30k,C轮,文娱丨内容
5d43ea9b51eceec5c30850dc,爱奇艺,2000人以上,数据分析,2019-07-18,上海,本科,广告数据分析师,发展前景好,经验3-5年,20k-35k,上市公司,文娱丨内容
5d43ea9b51eceec5c30850dd,哈啰出行,2000人以上,数据分析,2019-07-25,上海,本科,硬件数据分析 (MJ003743),五险一金 弹性工作 年终多薪 多次调薪,经验3-5年,13k-25k,D轮及以上,"移动互联网,硬件"
5d43ea9b51eceec5c30850de,卓永健康,15-50人,数据分析,2019-07-29,上海,本科,数据分析师,"公司前景好,上升空间大",经验3-5年,15k-20k,A轮,"移动互联网,医疗丨健康"
5d43ea9b51eceec5c30850df,淘集集,500-2000人,数据分析,2019-07-25,上海,本科,财务数据分析,福利待遇、发展前景、公司氛围,经验3-5年,15k-25k,B轮,电商
5d43ea9c51eceec5c30850e0,平安健康互联网,2000人以上,数据分析,2019-08-01,上海,本科,数据分析工程师,世界500强、晋升空间大、福利待遇好,经验3-5年,20k-28k,上市公司,"移动互联网,医疗丨健康"
5d43ea9c51eceec5c30850e1,永诚保险,2000人以上,数据分析,2019-07-27,上海,本科,数据分析及科学决策岗,带薪年假/定期体检/餐补/交通通讯补助/,经验3-5年,20k-40k,上市公司,"金融,移动互联网"
5d43ea9c51eceec5c30850e2,星魄科技,少于15人,数据分析,2019-07-17,上海,本科,数据分析,五险一金,经验3-5年,20k-30k,未融资,"企业服务,硬件"
5d43ea9c51eceec5c30850e3,SAS,2000人以上,数据分析,2019-08-01,上海,硕士,数据分析师,全球最佳雇主,经验5-10年,20k-40k,不需要融资,"企业服务,数据服务"
5d43ea9c51eceec5c30850e4,神州数码,500-2000人,数据分析,2019-07-19,上海,硕士,数据分析师,"上市公司,平台广阔,项目机会,机遇晋升",经验不限,8k-15k,上市公司,"硬件,数据服务"
5d43ea9c51eceec5c30850e5,拓端数据,少于15人,数据分析,2019-07-26,上海,本科,数据分析师,"弹性工作,零食茶点,丰富活动",经验1-3年,8K-12K,未融资,"数据服务,电商"
5d43ea9e51eceec5c30850e6,复漫,50-150人,数据分析,2019-08-0209:40:00,上海,大专,数据分析专员（电商方向）,五险一金 年终奖 带薪年假 高提成,经验1-3年,8k-12k,B轮,电商
5d43ea9e51eceec5c30850e7,o-IBP,15-50人,数据分析,2019-07-29,上海,本科,数据分析师,"晋升空间大,管理规范,扁平管理",经验3-5年,10k-20k,天使轮,"企业服务,数据服务"
5d43ea9e51eceec5c30850e8,永辉云创科技有限公司,2000人以上,数据分析,2019-08-0213:47:00,上海,本科,数据分析师实习生,待遇优、空间大、平台好,经验应届毕业生,4k-5k,D轮及以上,"电商,消费生活"
5d43ea9e51eceec5c30850e9,派兰数据,少于15人,数据分析,2019-07-08,上海,硕士,数据分析师,福利好 带薪年假 弹性工作 高能TEAM,经验不限,8k-15k,天使轮,"数据服务,医疗丨健康"
5d43ea9e51eceec5c30850ea,电视猫MoreTV,150-500人,数据分析,2019-07-23,上海,本科,数据分析产品经理,团队氛围好，快速成长,经验3-5年,18k-25k,B轮,"移动互联网,硬件"
5d43ea9e51eceec5c30850eb,欢聚时代（YY Inc）,2000人以上,数据分析,2019-07-12,上海,本科,风险数据分析师 (MJ001721),"福利多,平台大",经验3-5年,15k-30k,上市公司,文娱丨内容
5d43ea9f51eceec5c30850ec,拓端数据,少于15人,数据分析,2019-07-26,上海,本科,数据分析师,"弹性,高薪,自宅工作",经验1-3年,8K-10K,未融资,"数据服务,电商"
5d43ea9f51eceec5c30850ed,玳鸽,50-150人,数据分析,2019-07-23,上海,硕士,数据分析师,团建旅游 企业培训,经验1-3年,10k-18k,A轮,"企业服务,区块链"
5d43ea9f51eceec5c30850ee,上海青悦,少于15人,数据分析,2019-07-29,上海,本科,数据分析实习生,海量数据可供练习,经验不限,3k-5k,不需要融资,数据服务
5d43ea9f51eceec5c30850ef,HARB,50-150人,数据分析,2019-07-29,上海,本科,客户成功数据分析师,"发展空间大,管理扁平,弹性工作,福利好",经验1-3年,10k-15k,B轮,企业服务
5d43ea9f51eceec5c30850f0,英臻科技,50-150人,数据分析,2019-07-30,上海,本科,数据分析实习生,"团队年轻,在校实习",经验不限,3k-5k,A轮,硬件
5d43ea9f51eceec5c30850f1,巨人网络,500-2000人,数据分析,2019-07-25,上海,本科,数据分析师,一流的办公环境 福利待遇优厚 发展平台,经验3-5年,15k-30k,上市公司,游戏
5d43eaa051eceec5c30850f2,亿泽ETBI,50-150人,数据分析,2019-07-15,上海,不限,数据分析,五险一金，年终分红。,经验不限,6k-12k,不需要融资,"数据服务,企业服务"
5d43eaa051eceec5c30850f3,AdMaster,2000人以上,数据分析,2019-07-29,上海,本科,2019校招-数据分析师（社会化媒体）,"发展空间大,福利待遇好,专业化培训,升职迅速",经验应届毕业生,6k-8k,不需要融资,数据服务
5d43eaa051eceec5c30850f4,数道科技,15-50人,数据分析,2019-07-29,上海,本科,数据分析师,"五险一金,免费班车,年终奖",经验1-3年,10k-15k,不需要融资,数据服务
5d43eaa251eceec5c30850f5,平安健康互联网,2000人以上,数据分析,2019-07-17,上海,本科,数据分析经理,上市公司 知名互联网企业,经验5-10年,40k-60k,上市公司,"移动互联网,医疗丨健康"
5d43eaa251eceec5c30850f6,波思代尔,15-50人,数据分析,2019-07-03,上海,硕士,数据分析师,工作地点为线上,经验不限,5k-10k,未融资,"广告营销,文娱丨内容"
5d43eaa251eceec5c30850f7,浙江名天,50-150人,数据分析,2019-07-29,上海,硕士,数据分析师/数据分析专家,薪资高、福利好,经验3-5年,30k-50k,不需要融资,"移动互联网,电商"
5d43eaa251eceec5c30850f8,云鹊医疗,150-500人,数据分析,2019-08-0209:39:00,上海,不限,数据分析实习,有留用机会,经验应届毕业生,3k-4k,不需要融资,"医疗丨健康,移动互联网"
5d43eaa251eceec5c30850f9,吃饱了,15-50人,数据分析,2019-07-22,上海,本科,数据分析师,"美食多多,弹性上班,免费体检，六险一金",经验1-3年,8k-15k,天使轮,"移动互联网,电商"
5d43eaa251eceec5c30850fa,上海众调科技,50-150人,数据分析,2019-07-11,上海,本科,数据分析师,"交通便利,晋升空间,专家氛围,发展前景",经验3-5年,10k-20k,A轮,移动互联网
5d43eaa351eceec5c30850fb,艾大,15-50人,数据分析,2019-07-23,上海,硕士,数据分析师,"专业团队,晋升机会,扁平化管理,带薪年假",经验应届毕业生,8k-16k,未融资,"企业服务,数据服务"
5d43eaa351eceec5c30850fc,鑫源供应链,150-500人,数据分析,2019-07-15,上海,大专,数据分析师,扁平化管理,经验1-3年,8k-15k,不需要融资,物流丨运输
5d43eaa351eceec5c30850fd,Alten China,2000人以上,数据分析,2019-07-09,上海,不限,（资深）数据分析经理,年终奖 五险一金 平台,经验5-10年,20k-40k,上市公司,硬件
5d43eaa351eceec5c30850fe,顺丰科技有限公司,2000人以上,数据分析,2019-08-0210:25:00,上海,硕士,SFJ-大数据挖掘与分析工程师（数据分析方向）,弹性工作时间 发展空间大 午餐补贴,经验3-5年,25k-50k,不需要融资,物流丨运输
5d43eaa351eceec5c30850ff,京东,500-2000人,数据分析,2019-07-15,上海,本科,数据分析师,大平台、福利好、牛人多,经验1-3年,15k-20k,上市公司,"移动互联网,电商"
5d43eaa351eceec5c3085100,麦图科技,15-50人,数据分析,2019-08-01,上海,本科,初级数据分析师（实习岗）,"带薪年假,弹性工作,扁平管理",经验应届毕业生,4k-8k,A轮,数据服务
5d43eaa451eceec5c3085101,上海青悦,少于15人,数据分析,2019-07-29,上海,不限,数据分析实习生,海量数据可供练习,经验应届毕业生,3k-5k,不需要融资,数据服务
5d43eaa451eceec5c3085102,SAS,2000人以上,数据分析,2019-07-27,上海,硕士,数据分析实习,全球最佳雇主,经验应届毕业生,2k-4k,不需要融资,"企业服务,数据服务"
5d43eaa451eceec5c3085103,至数,15-50人,数据分析,2019-08-0209:16:00,上海,不限,初级数据分析师,发展前景好,经验应届毕业生,5k-10k,A轮,"数据服务,硬件"
5d43eaa451eceec5c3085104,平安健康互联网,2000人以上,数据分析,2019-07-17,上海,本科,数据分析经理,上市公司 知名互联网企业,经验5-10年,40k-60k,上市公司,"移动互联网,医疗丨健康"
5d43eaa751eceec5c3085105,收钱吧,500-2000人,数据分析,2019-07-31,上海,本科,风控数据分析,互联网公司氛围 牛逼团队 广阔发展空间,经验1-3年,8k-15k,C轮,移动互联网
5d43eaa751eceec5c3085106,北风网,150-500人,数据分析,2019-08-01,上海,本科,数据分析师讲师,"美女多,不需要加班,交通方便,领导很好",经验3-5年,15k-30k,B轮,"教育,数据服务"
5d43eaa751eceec5c3085107,Evolve,150-500人,数据分析,2019-07-09,上海,本科,数据分析专员,五险一金 弹性工作 年终奖金 节日福利,经验1-3年,20k-25k,上市公司,"社交,消费生活"
5d43eaa751eceec5c3085108,叠纸游戏,500-2000人,数据分析,2019-08-01,上海,本科,运营数据分析 (MJ000129),高额奖金,经验5-10年,20k-35k,B轮,游戏
5d43eaa751eceec5c3085109,上海晏鼠计算机技术有限公司,15-50人,数据分析,2019-07-29,上海,本科,实习生-数据分析助理,周末双休、五险一金、员工旅游,经验应届毕业生,3k-4k,不需要融资,"移动互联网,电商"
5d43eaa751eceec5c308510a,小米,2000人以上,数据分析,2019-08-01,上海,不限,信贷数据分析师(上海),上市公司 年终奖 餐补,经验不限,15k-29k,D轮及以上,硬件
5d43eaa851eceec5c308510b,靖琪,50-150人,数据分析,2019-08-01,上海,本科,高级数据分析总监,"公司实力强,成长空间大,福利待遇好",经验5-10年,50k-100k,天使轮,移动互联网
5d43eaa851eceec5c308510c,京东集团,2000人以上,数据分析,2019-07-31,上海,本科,SQL数据分析师,电商平台业务,经验3-5年,15k-25k,上市公司,电商
5d43eaa851eceec5c308510d,储田商务,15-50人,数据分析,2019-07-24,上海,本科,实习生 - SEO/SEM/数据分析方向,"实战培训,学习补贴,可转正,环境好",经验应届毕业生,2k-4k,不需要融资,"移动互联网,数据服务"
5d43eaa851eceec5c308510e,中科院上海高研院,500-2000人,数据分析,2019-07-12,上海,硕士,能源数据分析助理研究员,事业单位,经验不限,10k-18k,不需要融资,"电商,数据服务"
5d43eaa851eceec5c308510f,驰骛科技ChiefClouds,50-150人,数据分析,2019-08-0211:03:00,上海,本科,BI数据分析师,年度体检免费晚餐额外商保带薪10天年假,经验3-5年,15k-30k,A轮,"数据服务,移动互联网"
5d43eaa851eceec5c3085110,美图公司,2000人以上,数据分析,2019-08-0211:25:00,上海,本科,美图商业策略数据分析师,上市公司 六险一金 核心业务,经验3-5年,15k-30k,上市公司,硬件
5d43eaa851eceec5c3085111,淘集集,500-2000人,数据分析,2019-07-29,上海,本科,BI数据分析师,福利待遇、发展前景、公司氛围,经验5-10年,20k-40k,B轮,电商
5d43eaa951eceec5c3085112,曙星网络,15-50人,数据分析,2019-08-0214:09:00,上海,本科,风控数据分析师,公司福利多多,经验1-3年,10k-20k,不需要融资,"电商,金融"
5d43eaa951eceec5c3085113,美团点评,2000人以上,数据分析,2019-07-29,上海,本科,数据分析运营,大平台，核心业务,经验3-5年,15k-25k,上市公司,消费生活
5d43eaab51eceec5c3085114,毒APP,500-2000人,数据分析,2019-07-30,上海,本科,风控数据分析师（偏数据建模）,一年多薪 核心产品 扁平管理 氛围好,经验3-5年,20k-35k,B轮,"移动互联网,电商"
5d43eaab51eceec5c3085115,2345.com,500-2000人,数据分析,2019-08-0209:21:00,上海,本科,大数据开发工程师（数据分析）,"A股上市,风口项目,待遇丰厚,氛围融洽",经验3-5年,15k-30k,上市公司,"数据服务,移动互联网"
5d43eaab51eceec5c3085116,MarcPoint,15-50人,数据分析,2019-08-01,上海,本科,商业数据分析,工作氛围open 优秀团队 薪资福利好,经验1-3年,10k-15k,A轮,"电商,广告营销"
5d43eaab51eceec5c3085117,旺旺集团,2000人以上,数据分析,2019-07-10,上海,大专,销售数据分析,数据分析,经验1-3年,6k-8k,上市公司,"电商,移动互联网"
5d43eaab51eceec5c3085118,快牛金科,500-2000人,数据分析,2019-07-30,上海,本科,BI数据分析师,五险一金 带薪年假 年底N薪 年度旅游,经验3-5年,20k-25k,B轮,其他
5d43eaab51eceec5c3085119,平安人寿,2000人以上,数据分析,2019-08-01,上海,本科,02215M-BI数据分析师,"五险一金,带薪年假,年终分红,免费班车",经验1年以下,10k-18k,上市公司,金融
5d43eaac51eceec5c308511a,Shopee,2000人以上,数据分析,2019-08-0210:13:00,上海,本科,BI Manager - BI数据分析经理,"跨境电商,东南亚市场,老板强,工作氛围赞",经验5-10年,14k-18k,上市公司,电商
5d43eaac51eceec5c308511b,海万科技,500-2000人,数据分析,2019-07-19,上海,本科,bi数据分析师,大项目，大平台,经验3-5年,12k-18k,不需要融资,"移动互联网,金融"
5d43eaac51eceec5c308511c,上海分蛋信息科技有限公司深圳分公司,150-500人,数据分析,2019-07-30,上海,本科,BI数据分析工程师,五险一金 加班补助 年终奖 员工旅游,经验不限,12k-18k,B轮,移动互联网
5d43eaac51eceec5c308511d,韩创科技,500-2000人,数据分析,2019-07-18,上海,本科,bi数据分析师,大平台，互联网内容运营先锋，国际项目,经验1-3年,15k-20k,不需要融资,"移动互联网,文娱丨内容"
5d43eaac51eceec5c308511e,米立,50-150人,数据分析,2019-07-31,上海,本科,BI数据分析专家,弹性工作、旅游、股票期权,经验3-5年,25k-50k,A轮,移动互联网
5d43eaac51eceec5c308511f,星合金融科技,50-150人,数据分析,2019-07-11,上海,本科,风控数据分析师,五险一金 弹性,经验1-3年,10k-20k,不需要融资,"移动互联网,金融"
5d43eaac51eceec5c3085120,时代嘉道咨询机构，嘉道信息技术,150-500人,数据分析,2019-08-0211:30:00,上海,本科,汽车行业数据分析实习生,接触汽车产业，了解市场热点，与大咖共事。,经验不限,2k-4k,未融资,"数据服务,广告营销"
5d43eaad51eceec5c3085121,上海瑞阙文化发展有限公司,150-500人,数据分析,2019-08-01,上海,本科,安全数据分析平台高级开发工程师,"弹性工作,提供晚餐",经验1-3年,40k-80k,不需要融资,"移动互联网,金融"
5d43eaad51eceec5c3085122,blockdynamics,少于15人,数据分析,2019-07-30,上海,不限,后端开发工程师 | 区块链数据分析,股权机会，硅谷团队，晋升平台，高速成长,经验3-5年,25k-50k,未融资,区块链
