ISBN,_id,丛书,作者,关键词,出品方,出版年,出版社,分类,副标题,原作名,名称,定价,装帧,评分,评论人数,译者,页数
9787541134548,5d43b2d951eceec5c30800cc,中国历届科幻银河奖作品集,王晋康,科幻,,,四川文艺出版社,书籍,王晋康科幻中篇系列,,水星播种,,平装,8.6,245.0,,
9787559627254,5d43b2da51eceec5c30800cd,100：科幻之书,刘慈欣等,科幻,未读,2018-12,北京联合出版公司,书籍,100：科幻之书,TheBigBookofScienceFiction,IV诗云,79.80元,平装,8.2,293.0,虞北冥等,552
9787111564546,5d43b2da51eceec5c30800ce,未来镜像,,科幻,,2017-6,机械工业出版社,书籍,《克拉克世界》中国科幻作家作品,,未来镜像,45.00元,平装,7.6,284.0,[美]刘宇昆（KenLiu）,398
9787536481152,5d43b2da51eceec5c30800cf,科幻世界·中国科幻基石丛书,刘慈欣,科幻,科幻世界,2015-6,四川科学技术出版社,书籍,刘慈欣科幻短篇小说集Ⅱ,,梦之海,36.00元,平装,8.3,646.0,,431
9789622731578,5d43b2da51eceec5c30800d0,,,科幻,,1987,山邊社,书籍,,,最後的問題 : 西方短篇科幻小說精選,,,9.4,809.0,李偉才,
9787544752466,5d43b2da51eceec5c30800d1,特德·姜科幻作品,,科幻,,2015-5,译林出版社,书籍,特德·姜科幻小说集,TheLifecycleofSoftwareObjects,软件体的生命周期,35.00元,精装,8.7,2334.0,张博然,242
9787513330435,5d43b2da51eceec5c30800d2,幻象文库,[美]真澄·华盛顿编,科幻,,2018-11,新星出版社,书籍,日本科幻与科幻日本,TheFutureisJapanese,日本未来时,45,平装,7.5,138.0,丁丁虫等,352
9787514617283,5d43b2da51eceec5c30800d3,视觉系,［英］盖伊·哈雷（GuyHaley）,科幻,双又文化,2019-6,中国画报出版社,书籍,银河系伟大科幻作品视觉宝典,Sci-FiChronicles,科幻编年史,278.00元,精装,8.9,67.0,王佳音,560
9787536457584,5d43b2da51eceec5c30800d4,世界科幻大师丛书,,科幻,科幻世界,2005-6,四川科学技术出版社,书籍,世界科幻大师丛书,,银河系公民,18.00元,简裝本,8.1,1358.0,王泰祥,295
9787542729040,5d43b2da51eceec5c30800d5,中国当代科幻名作,,科幻,,2004-10,上海科学普及出版社,书籍,刘慈欣科幻小说精品集,,带上她的眼睛,20.00元,平装,8.6,7484.0,,366
9787535458667,5d43b2da51eceec5c30800d6,中国本土科幻经典,,科幻,,2012-9-1,长江文艺出版社,书籍,刘慈欣科幻自选集,,乡村教师,36.00元,平装,8.5,10210.0,,407
9787513313766,5d43b2db51eceec5c30800d7,世界顶级科幻大师杰作选,西奥多·斯特金,科幻,,2014-4-1,新星出版社,书籍,世界顶级科幻大师杰作选,,微宇宙的上帝,38.00元,平装,8.2,970.0,刘冉,359
9787536455375,5d43b2db51eceec5c30800d8,世界科幻大师丛书,,科幻,科幻世界,2005-2,四川科学技术出版社,书籍,特德·蒋科幻佳作集,,你一生的故事,18.00元,平装,9.0,6750.0,王荣生等,284
9787536453241,5d43b2db51eceec5c30800d9,世界科幻大师丛书,(加拿大)罗伯特﹒J﹒索耶,科幻,科幻世界,2003-09-01,四川科学技术出版社,书籍,世界科幻大师丛书,CalculatingGod,计算中的上帝,18.00元,平装,8.3,4042.0,张建光,278
9787536474673,5d43b2db51eceec5c30800da,世界科幻大师丛书,,科幻,科幻世界,2012-9,四川科学技术出版社,书籍,刘宇昆科幻佳作选,,爱的算法,18.00元,平装,8.4,1779.0,陶若华等,229
9787513307109,5d43b2db51eceec5c30800db,幻象文库,,科幻,,2012-9-30,新星出版社,书籍,二十世纪最佳科幻小说选,Masterpieces,大师的盛宴,45.00元,平装,8.9,1469.0,姚向辉等,580
9787536457935,5d43b2db51eceec5c30800dc,,,科幻,,2006-2,四川科学技术出版社,书籍,英美最佳中篇科幻小说选,TrueNames,真名实姓,20.00元,平装,8.7,5432.0,罗布顿珠等,320
9787513314824,5d43b2db51eceec5c30800dd,世界顶级科幻大师杰作选,,科幻,,2014-6,雅众文化／新星出版社,书籍,世界顶级科幻大师杰作选,FlowersforAlgernon,献给阿尔吉侬的花束,38.00,平装,8.5,1511.0,刘冉,360
9787544752473,5d43b2db51eceec5c30800de,特德·姜科幻作品,,科幻,,2015-5,译林出版社,书籍,特德·姜科幻小说集,StoriesofYourLifeandOthers,你一生的故事,36.00元,精装,8.6,16437.0,李克勤,292
9787536460300,5d43b2e451eceec5c30800df,世界科幻大师丛书,哈尔·克莱蒙特,科幻,科幻世界,2006-8,四川科学技术出版社,书籍,世界科幻大师丛书,missionofgravity,重力使命,15.00元,简裝本,8.2,746.0,周玉佳,182
9787532412792,5d43b2e651eceec5c30800e0,,饶忠华主编,科幻,,1991-3,少年儿童出版社,书籍,,,365夜科幻故事（上、下册）,11.80元,平装,9.4,450.0,,上册638页下册670
9787559628237,5d43b2e651eceec5c30800e1,弗诺·文奇作品集,[美]弗诺·文奇,科幻,未读·文艺家,2019-6,未读·文艺家北京联合出版公司,书籍,弗诺·文奇的科幻世界与现代计算机网络的发展,TRUENAMESANDTHEOPENINGOFTHECYBERSPACEFRONTIER,真名实姓,49.8元,平装,8.9,168.0,李克勤,304
9787536482012,5d43b2e651eceec5c30800e2,科幻世界·中国科幻基石丛书,刘慈欣,科幻,科幻世界,2015-12-1,四川科学技术出版社,书籍,刘慈欣科幻随笔集,,最糟的宇宙，最好的地球,30.00元,平装,9.1,327.0,,325
9787536455511,5d43b2e751eceec5c30800e3,世界科幻大师丛书,（加）罗伯特•J•索耶,科幻,科幻世界,2005-2,四川科学技术出版社,书籍,世界科幻大师丛书,,金羊毛,17.00元,32开,8.0,579.0,,276
9787536452190,5d43b2e751eceec5c30800e4,世界科幻大师丛书,,科幻,科幻世界,2004-6-1,四川科技,书籍,世界科幻大师丛书,TheDoorintoSummer,进入盛夏之门,15.00元,平装,8.2,1013.0,顾备,239
9787535458650,5d43b2e751eceec5c30800e5,中国本土科幻经典,,科幻,,2012-9,长江文艺出版社,书籍,何夕科幻自选集,,六道众生,32.00元,平装,8.2,636.0,,351
9787559623980,5d43b2e751eceec5c30800e6,100：科幻之书,[英]阿瑟·克拉克,科幻,未读,2018-11,北京联合出版公司,书籍,100：科幻之书,TheBigBookofScienceFiction,I窃星,79.80,平装,9.0,112.0,秦鹏等,536
9787301169094,5d43b2e751eceec5c30800e7,同文馆·小历史,[英]亚当·罗伯茨,科幻,,2010-2,北京大学出版社,书籍,,,科幻小说史,45.00元,平装,7.9,366.0,马小悟,376
9787536458932,5d43b2e751eceec5c30800e8,世界科幻大师丛书,约翰.温德姆,科幻,科幻世界,2006-3,四川科学技术出版社,书籍,世界科幻大师丛书,,三尖树时代,16.00元,简裝本,7.8,887.0,魏惠琴,278
9787536480469,5d43b2e751eceec5c30800e9,世界科幻大师丛书,,科幻,科幻世界,2015-3,四川科学技术出版社,书籍,刘宇昆科幻佳作选,,杀敌算法,26.00元,平装,8.2,369.0,萧傲然,286
9789573900719,5d43b2e751eceec5c30800ea,倪匡科幻小說集,,科幻,,1981-10,遠景出版社,书籍,倪匡科幻小說集22,,眼睛,NT120,平装,7.9,902.0,,203
9787536466180,5d43b2e751eceec5c30800eb,世界科幻大师丛书,（美）弗诺·文奇,科幻,科幻世界,2009,四川科学技术出版社,书籍,世界科幻大师丛书,RainbowsEnd,彩虹尽头,28.00元,平装,7.9,716.0,张建光,425
9787536468801,5d43b2e751eceec5c30800ec,世界科幻大师丛书,（美）罗伯特·海因莱因,科幻,科幻世界,2009年10月,四川科学技术出版社,书籍,世界科幻大师丛书,TheManWhoSoldtheMoon,出卖月亮的人,24.00元,平装,8.2,305.0,Denovo,291
9787536481077,5d43b2e851eceec5c30800ed,科幻世界·中国科幻基石丛书,刘慈欣,科幻,科幻世界,2015-6,四川科学技术出版社,书籍,刘慈欣科幻短篇小说集Ⅰ,,带上她的眼睛,34.00,平装,8.6,979.0,,374
9787536474710,5d43b2e851eceec5c30800ee,世界科幻大师丛书,(俄罗斯)阿卡迪·斯特鲁伽茨基,科幻,科幻世界,2013-1,四川科学技术出版社,书籍,世界科幻大师丛书,Пикникнаобочине,路边野餐,15.00元,平装,8.3,430.0,苏宁宁,168
9787302394228,5d43b2e851eceec5c30800ef,原点科幻文库,[美]查尔斯·阿德勒,科幻,,2015-8-10,清华大学出版社,书籍,科幻与奇幻中的物理数学,"Wizards,Aliens,andStarships",巫师、外星人和星舰,59,软精装,8.6,276.0,雒城,328（16开）
9787115283375,5d43b2e851eceec5c30800f0,中国科幻名家名作大系,刘慈欣,科幻,时光幻象,2012-7,人民邮电出版社,书籍,中国科幻名家名作大系（第一辑）,,刘慈欣卷：天使时代,30.00元,平装,8.3,648.0,,244
9787536483286,5d43b2e851eceec5c30800f1,世界科幻大师丛书,,科幻,科幻世界,2016-7,四川科学技术出版社,书籍,迈克·雷斯尼克科幻佳作选,SevenViewsofOlduvaiGorge,奥杜瓦伊峡谷的七个故事,48.00元,平装,8.7,141.0,袁枫,545
9787536466135,5d43b2e851eceec5c30800f2,世界科幻大师丛书,弗诺·文奇,科幻,科幻世界,2009,四川科学技术出版社,书籍,世界科幻大师丛书,MaroonedinRealtime(1986),实时放逐,18.00元,平装,8.5,486.0,胡绍晏,276
9787513318396,5d43b2e851eceec5c30800f3,幻象文库,(美)刘宇昆，保罗·巴奇加卢皮等著；(美)戴维·哈特威尔，帕特里克·海登编,科幻,,2015-8,新星出版社,书籍,21世纪科幻小说杰作选,21stCenturyScienceFiction,未来的序曲,79.00元,平装,8.1,355.0,汪梅子,748
9787506023689,5d43b2ea51eceec5c30800f4,,,科幻,,2006-1,东方出版社,书籍,中国高新技术企业发展战略评判,,科幻,49.00元,平装,7.0,119.0,,292
9787511715289,5d43b2ea51eceec5c30800f5,图文馆,史蒂文·杰伊·施奈德,科幻,,2013-1,中央编译出版社,书籍,,101Sci-FiMoviesYouMustSeeBeforeYouDie,有生之年非看不可的101部科幻电影,48.00元,精装,8.6,67.0,王小亮,416
9787530659731,5d43b2ea51eceec5c30800f6,科幻文学馆,陈楸帆著,科幻,,2012-1,百花文艺出版社,书籍,陈楸帆科幻小说选本,,薄码,38.00元,平装,7.9,148.0,,300
9787536474543,5d43b2ea51eceec5c30800f7,科幻世界·中国科幻基石丛书,,科幻,科幻世界,2012-10,四川科学技术出版社,书籍,夏笳科幻佳作选,,关妖精的瓶子,32.00元,平装,7.6,325.0,,433
9787564928117,5d43b2ea51eceec5c30800f8,阿特伍德作品,,科幻,,2018-4-1,河南大学出版社,书籍,科幻小说与人类想象,InOtherWorlds,在其他的世界,48.00,精装,9.0,54.0,蔡希苑,307
9787530665947,5d43b2ea51eceec5c30800f9,科幻文学馆,,科幻,,2015-4,百花文艺出版社,书籍,,HowtoWriteScienceFiction&Fantasy,如何创作科幻小说与奇幻小说,29.00元,平装,8.1,152.0,东陆生,300
9787225014883,5d43b2ea51eceec5c30800fa,,卫斯理,科幻,,1998,青海人民出版社,书籍,卫斯理科幻小说系列：1,,钻石花,8元,平装,7.5,1230.0,,203
9787508694757,5d43b2ea51eceec5c30800fb,给孩子系列,刘慈欣,科幻,,2018-9,中信出版集团,书籍,（给孩子系列11）,,给孩子的科幻,52,,8.9,110.0,宝树,437
9787559627278,5d43b2ea51eceec5c30800fc,100：科幻之书,[美]乔治·R.R.马丁等,科幻,未读,2018-11,北京联合出版公司,书籍,100：科幻之书,TheBigBookofScienceFiction,Ⅲ沙王,,平装,9.0,70.0,胡绍晏等,536
9787802284920,5d43b2ea51eceec5c30800fd,,,科幻,,2007-11,新世界出版社,书籍,科幻经典,,大角快跑,25.00元,,8.4,1416.0,,266
9787536468832,5d43b2eb51eceec5c30800fe,世界科幻大师丛书,（美）罗伯特·海因莱因,科幻,,2009年10月,四川科学技术出版社,书籍,世界科幻大师丛书,Revoltin2100&Methuselah'sChildren,玛士撒拉之子,34.00元,平装,8.4,200.0,Denovo,432
9787536456563,5d43b2eb51eceec5c30800ff,世界科幻大师丛书,,科幻,科幻世界,2004-1-1,四川科学技术出版社,书籍,世界科幻大师丛书,TheVorGame,贵族们的游戏,18.00元,平装,8.3,872.0,宋文伟,307
9787536450431,5d43b2eb51eceec5c3080100,世界科幻大师丛书,,科幻,科幻世界,2002-10,四川科学技术出版社,书籍,罗伯特·谢克里最佳科幻小说集,,幽灵5号,24.00元,平装,8.7,699.0,,370
9787229038786,5d43b2eb51eceec5c3080101,科幻文学理论和学科体系建设丛书,,科幻,,2011-4,重庆出版社,书籍,,,科幻文学论纲,36.80元,平装,8.5,156.0,,312
9787300219752,5d43b2eb51eceec5c3080102,创意写作书系,劳丽·拉姆森,科幻,,2015-11,中国人民大学出版社,书籍,,,开始写吧！——科幻、奇幻、惊悚小说创作,39.00元,精装,7.9,122.0,唐奇,348
9787535263407,5d43b2eb51eceec5c3080103,地平线丛书,,科幻,,2014-3-1,湖北科学技术出版社,书籍,,,刘慈欣谈科幻,24.80,平装,7.7,404.0,,184
9787536459236,5d43b2eb51eceec5c3080104,世界科幻大师丛书,濑名秀明,科幻,科幻世界,2006,四川科学技术出版社,书籍,世界科幻大师丛书,パラサイト・イヴ,寄生前夜,24.00元,平,7.6,898.0,陈可冉,378页
9787535807120,5d43b2f551eceec5c3080105,世界科幻大师丛书,,科幻,,1991-12,湖南少年儿童出版社,书籍,,,阿西莫夫科幻小说,3.15元,,9.3,235.0,施咸荣,398
9787536467552,5d43b2f551eceec5c3080106,世界科幻大师丛书,詹姆斯·布利什,科幻,科幻世界,2009-03-01,四川科学技术出版社,书籍,世界科幻大师丛书,ACaseofConscience,事关良心,18.00元,平装,7.6,363.0,崔正男,276
9787536482210,5d43b2f551eceec5c3080107,科幻世界·中国科幻基石丛书,张冉,科幻,科幻世界,2015-11,四川科学技术出版社,书籍,张冉中短篇科幻小说选,,起风之城,34.00元,平装,8.7,367.0,,390
9787539706092,5d43b2f751eceec5c3080108,,刘兴诗,科幻,,1991,安徽少年儿童出版社,书籍,中国科幻作品精选(1985-1989),,死亡星球的复活,6.50,平装本,8.8,42.0,,597
9787220101960,5d43b2f751eceec5c3080109,,侯大伟,科幻,八光分文化,2017-9,四川人民出版社,书籍,四川科幻口述史,,追梦人,120.00元,平装,8.9,33.0,,400
9787108013217,5d43b2f751eceec5c308010a,三联·三地葵文学系列,,科幻,,2000-03,三联书店,书籍,,,城 科幻三部曲,36.00,平装,7.7,67.0,,545
9787559627261,5d43b2f751eceec5c308010b,100：科幻之书,[美]库尔特·冯内古特等,科幻,未读,2018-11,北京联合出版公司,书籍,100：科幻之书,TheBigBookofScienceFiction,II异站,79.80,平装,8.9,84.0,姚向辉等,528
9787536469150,5d43b2f751eceec5c308010c,世界科幻大师丛书,(日)神林长平,科幻,科幻世界,2010年03月,四川科学技术出版社,书籍,世界科幻大师丛书,,棱镜,20.00元,平装,7.7,206.0,丁丁虫,240
9787530657379,5d43b2f751eceec5c308010d,科幻文学馆,郑军,科幻,,2011-1,百花文艺出版社,书籍,世界科幻文学简史,,第五类接触,35.00元,平装,8.1,102.0,,280
9787313125415,5d43b2f851eceec5c308010e,ISIS文库,[英]亨利•吉编,科幻,,2015-2,上海交通大学出版社,书籍,,,Nature杂志科幻小说选集,38.00元,平装,6.6,140.0,穆蕴秋,263
9787544768399,5d43b2f851eceec5c308010f,牛津通识读本,[英]戴维·锡德,科幻,,2017-7,译林出版社,书籍,,ScienceFiction,科幻作品,32.00,,7.7,156.0,邵志军,151（中）+135（英）
9787539710570,5d43b2f851eceec5c3080110,世界科幻名著文库,(英)阿瑟·克拉克,科幻,,1992年7月,安徽少年儿童出版社,书籍,世界科幻名著文库,,2001-太空探险,3.80,平装,9.1,30.0,谭允基,255
9787547719053,5d43b2f851eceec5c3080111,,拉兹三丰主编,科幻,,2015-11,北京日报出版社,书籍,首届坐标奖获奖作品集,,中国科幻年度坐标,45,平装,8.9,56.0,,416
9787536464421,5d43b2f851eceec5c3080112,世界科幻大师丛书,(美)弗诺·文奇,科幻,科幻世界,2009-3,四川科学技术出版社,书籍,世界科幻大师丛书,ThePeaceWar(1984),为和平而战,19.00元,平装,7.8,366.0,曾真,296
9787501138357,5d43b2f851eceec5c3080113,科幻世界佳作系列,韩松,科幻,科幻世界,1998,新华出版社,书籍,科幻世界佳作系列,,宇宙墓碑,16,平装,8.3,334.0,,318
9787513317641,5d43b2f851eceec5c3080114,幻象文库,奥森·斯科特·卡德编,科幻,,2015,新星出版社,书籍,二十世纪最佳科幻小说选,Masterpieces,大师的盛宴,45,平装,8.4,164.0,姚向辉等,
9787519219512,5d43b2f851eceec5c3080115,,电子骑士,科幻,,2017-4,世界图书出版公司,书籍,,,银河系科幻电影指南,52.00元,平装,7.8,93.0,,352
9787508696034,5d43b2f851eceec5c3080116,作家榜经典文库,[法]儒勒·凡尔纳,科幻,大星文化,2018-11,中信出版社,书籍,译者获傅雷翻译奖！2018未删节插图珍藏版，《三体》作者推荐，激发孩子想象力的科幻经典）作家榜经典文库,Vingtmillelieuessouslesmers,海底两万里,59.80元,精装,9.2,114.0,金桔芳,516
9787539707914,5d43b2f851eceec5c3080117,世界科幻名著文库,(英)雪莱夫人,科幻,,1992,安徽少年儿童出版社,书籍,世界科幻名著文库,,科学怪人,3.80,平装,8.5,93.0,艾莹等,305
9787539634371,5d43b2f851eceec5c3080118,西方科幻经典文论译丛,,科幻,,2011-11,安徽文艺出版社,书籍,,AsimovonScienceFiction,阿西莫夫论科幻小说,39.00元,平装,8.3,96.0,涂明求,342
9787536471481,5d43b2f851eceec5c3080119,世界科幻大师丛书,(法)塞尔日·布鲁梭罗,科幻,科幻世界,2011-3,四川科学技术出版社,书籍,世界科幻大师丛书,,猎梦人,16.00元,平装,8.1,426.0,肖晓丹,180页
9787538736755,5d43b2f851eceec5c308011a,王晋康科幻小说精选集,,科幻,,2011-8,时代文艺出版社,书籍,王晋康科幻小说精选集.2,,替天行道,26.80元,平装,7.3,347.0,,269
9787544713016,5d43b2f851eceec5c308011b,凤凰文库·马克思主义研究系列,[美]弗里德里克•詹姆逊,科幻,,2014-5,译林出版社,书籍,乌托邦欲望及其他科幻小说,ArchaeologiesofTheFuture,未来考古学,58.00,平装,8.3,97.0,吴静,582
9782200113421,5d43b2fa51eceec5c308011c,少年科幻小说大奖书系,（英）H.G.威尔斯,科幻,未来事务管理局,2019-6-1,化学工业出版社,书籍,,,少年科幻小说大奖书系（套装4册）,180,平装,9.6,71.0,穆童,
9787536482159,5d43b2fa51eceec5c308011d,科幻世界·中国科幻基石丛书,阿缺,科幻,科幻世界,2015-10,四川科学技术出版社,书籍,阿缺中短篇科幻小说选,,与机器人同行,32.00元,平装,8.3,139.0,,387
9787539798370,5d43b2fa51eceec5c308011e,星新一少年科幻系列,[日]星新一,科幻,,2019-1,安徽少年儿童出版社,书籍,情感电视机,,星新一少年科幻系列,22.00元,平装,8.5,36.0,李重民,168
9787536474581,5d43b2fb51eceec5c308011f,科幻世界·中国科幻基石丛书,,科幻,科幻世界,2012-8,四川科学技术出版社,书籍,燕垒生科幻佳作选,,瘟疫,26.00元,平装,7.6,169.0,,325
9787530674420,5d43b2fb51eceec5c3080120,科幻文学馆,[英]爱德华·詹姆斯,科幻,,2018-3,百花文艺出版社,书籍,,TheCambridgeCompaniontoScienceFiction,剑桥科幻文学史,,,6.6,32.0,穆从军,493
9787539634456,5d43b2fb51eceec5c3080121,西方科幻经典文论译丛,(加)达科·苏恩文,科幻,,2011-11,安徽文艺出版社,书籍,科幻小说的诗学和文学类型史,MetamophosesofScienceFiction,科幻小说变形记,39.00元,平装,8.3,37.0,丁素萍,351
9787530668160,5d43b2fb51eceec5c3080122,科幻文学馆,[美]拉切尔·海伍德·费雷拉,科幻,,2016-5-1,百花文艺出版社,书籍,,TheEmergenceofLatinAmericanScienceFiction,拉美科幻文学史,39.00,平装,7.5,18.0,穆从军,360
9787536484764,5d43b2fb51eceec5c3080123,世界科幻大师丛书,[美]迈克·雷斯尼克,科幻,科幻世界,2016-12,四川科学技术出版社,书籍,WORLD'SSCIENCEFICTIONSTORIESCOLLECTION,,世界科幻杰作选,38.00元,平装,8.1,86.0,,415
9789573900726,5d43b2fb51eceec5c3080124,倪匡科幻小說集,,科幻,,1981-10,遠景出版社,书籍,倪匡科幻小說集23,,迷藏,NT120,平装,7.6,457.0,,202
9787536456457,5d43b2fb51eceec5c3080125,世界科幻大师丛书,(美)洛伊斯·比约德,科幻,科幻世界,2004-12-1,四川科学技术出版社,书籍,世界科幻大师丛书,Memory,记忆,27.00元,简裝本,8.6,297.0,祖云鹏,
9787549566594,5d43b2fb51eceec5c3080126,离线,李婷主编,科幻,理想国,2015-5,广西师范大学出版社,书籍,ImagingTechnology,,离线·科幻,45,平装,7.8,147.0,,184
9787536456570,5d43b2fb51eceec5c3080127,世界科幻大师丛书,(美)洛伊斯.比约德,科幻,科幻世界,2005-2,四川科学技术出版社,书籍,世界科幻大师丛书,MirrorDance,镜舞,33.00元,简裝本,8.5,350.0,昂智慧,553
9787538736823,5d43b2fb51eceec5c3080128,王晋康科幻小说精选集,,科幻,,2011-9,时代文艺出版社,书籍,王晋康科幻小说精选集1,,养蜂人,26.80元,平装,7.5,556.0,,272页
9787536456716,5d43b2fb51eceec5c3080129,科幻世界·中国科幻基石丛书,,科幻,,2006-12,四川科学技术出版社,书籍,,,王晋康科幻小说精选（全4册）,96.00元,盒装,8.4,417.0,,2032页
9787313131492,5d43b2fb51eceec5c308012a,,,科幻,,2015-9,上海交通大学出版社,书籍,,,江晓原科幻电影指南,98.00元,精装,5.4,133.0,,495
9789624470123,5d43b2fb51eceec5c308012b,,,科幻,,1991,勤+緣出版社,书籍,衛斯理科幻系列2,,黃金故事,HK$45,平装,8.0,213.0,,257
9787511317650,5d43b2fc51eceec5c308012c,王晋康科幻小说精选集,,科幻,,2011-10,中国华侨出版社,书籍,王晋康科幻小说精选集3,,终极爆炸,26.80元,平装,7.0,311.0,,267
9787536466692,5d43b2fc51eceec5c308012d,世界科幻大师丛书,迈克尔•斯万维克,科幻,科幻世界,2008-12,四川科学技术出版社,书籍,世界科幻大师丛书,StationsoftheTide,潮汐站,22.00元,平装,6.7,116.0,陶雪蕾,239
9787807336433,5d43b2fc51eceec5c308012e,鼎足文库·私塾小课,萧星寒,科幻,,2011-6,古吴轩出版社,书籍,世界科幻小说简史,,星空的旋律,32.00元,平装,6.7,411.0,,273
9787530662861,5d43b30451eceec5c308012f,科幻文学馆,柳文扬著,科幻,,2013-5,百花文艺出版社,书籍,柳文扬科幻小说选本,,37,49.8,平装,9.1,183.0,,452
9787182386122,5d43b30551eceec5c3080130,,【法】儒勒·凡尔纳,科幻,,2019-4,安徽教育出版社,书籍,,,凡尔纳科幻经典(插图版•全译本)(套装共11册),440.00元,平装,,,王仁才等,3788
9787894918772,5d43b30551eceec5c3080131,,希迪多媒体,科幻,,2007年2月,中科普发行部,书籍,由山东电子音像出版社出版，192页16开全彩，分推理片、喜剧片、科幻片、史诗片、动作片、惊悚片、剧情片共104部。主要介绍2006年到2007年的美剧，包含了花絮、剧情、演员、制作等。《越狱》放在了第一个介绍的，整整6页篇幅，另外附赠了一张DVD碟片，内容包括20部美剧的CD音乐！还有热门剧的花絮、壁纸，和58届艾美奖的颁奖典礼（还是ydy的字幕）.,,看电视(美剧经典)2006/2007,29.8元,16开全彩,8.0,14.0,,192页
9787536459496,5d43b30651eceec5c3080132,世界科幻大师丛书,,科幻,科幻世界,2006-12,四川科技,书籍,世界科幻大师丛书,BonesoftheEarth,地球龙骨,17.00元,,7.1,212.0,,302
9787108060501,5d43b30651eceec5c3080133,三联精选（新）,宝树编,科幻,,2017-9,生活·读书·新知三联书店,书籍,,,科幻中的中国历史,38.00元,平装,7.3,131.0,,404
9787536467217,5d43b30651eceec5c3080134,世界科幻大师丛书,(加拿大)罗伯特·J·索耶,科幻,科幻世界,2008-12,四川科学技术出版社,书籍,世界科幻大师丛书,Hominids,原始人类,28.00元,平装,7.8,248.0,叶林,336
9787536454866,5d43b30651eceec5c3080135,世界科幻大师丛书,,科幻,科幻世界,2004-04,四川科学技术出版社,书籍,谢克里最佳科幻小说集（续）,,浪漫服务公司,25.00元,平装,8.6,842.0,西丫,404
9787536460072,5d43b30651eceec5c3080136,世界科幻大师丛书,洛伊斯.比约德,科幻,科幻世界,2006,四川科学技术出版社,书籍,世界科幻大师丛书,BordersofInfinity,无尽的边界,16.00元,,8.6,248.0,房俊民,275
9787539798394,5d43b30651eceec5c3080137,星新一少年科幻系列,[日]星新一,科幻,,2019-1-1,安徽少年儿童出版社,书籍,你好，地球人,,星新一少年科幻系列,22.00,平装,9.0,33.0,王维幸,176
9787536459366,5d43b30651eceec5c3080138,世界科幻大师丛书,[美]罗伯特·西尔弗伯格,科幻,科幻世界,2006-4,四川科学技术出版社,书籍,世界科幻大师丛书,THORNS,荆棘,16.00元,平装,7.3,243.0,曾平凤,200
9789624470390,5d43b30651eceec5c3080139,,,科幻,,1991,(勤+緣)衛斯理科幻系列(3)‧衛斯理,书籍,衛斯理科幻系列3,,從陰間來,,平装,7.3,309.0,,207
9787115266699,5d43b30651eceec5c308013a,,,科幻,,2011-12,人民邮电出版社,书籍,中国科幻星云奖奠基作品选,,流浪地球,28.00元,平装,7.7,332.0,,281
9787539634463,5d43b30651eceec5c308013b,西方科幻经典文论译丛,(英)奥尔迪思,科幻,,2011-11,安徽文艺出版社,书籍,西方科幻文学史,TrillionYearSpree,亿万年大狂欢,68.00元,平装,7.2,85.0,舒伟,661
9787542813473,5d43b30651eceec5c308013c,,,科幻,,1997,上海科技教育出版社,书籍,数学科幻故事精选,,跨越三维空间,11.80,32开,8.5,92.0,,321
9787536692930,5d43b30751eceec5c308013d,科幻世界·中国科幻基石丛书,,科幻,科幻世界,2008-1,重庆出版社,书籍,“地球往事”三部曲之一,,三体,23.00,平装,8.8,288498.0,,302
9787215053380,5d43b30751eceec5c308013e,王晋康科幻精品集,,科幻,,2003-10,河南人民出版社,书籍,王晋康科幻精品集,,豹人,13.00元,平装,7.3,312.0,,240
9787536459632,5d43b30751eceec5c308013f,世界科幻大师丛书,洛伊斯.比约德,科幻,科幻世界,2006,四川科学技术出版社,书籍,世界科幻大师丛书,DiplomaticImmunity,外交豁免权,20.00元,,8.5,261.0,祖云鹏,328
9787539514338,5d43b30751eceec5c3080140,科幻之路,,科幻,,1997-8,福建少年儿童出版社,书籍,从吉尔伽美什到威尔斯,,科幻之路（第一卷）,20.00元,平装,8.7,82.0,郭建中,445
9787540224608,5d43b30f51eceec5c3080141,,,科幻,,2011-1,北京燕山出版社,书籍,《格兰特船长的儿女》《海底两万里》和《神秘岛》,,凡尔纳科幻三部曲,78.00元,,9.1,67.0,陈筱卿,1416
9787536460065,5d43b31051eceec5c3080142,世界科幻大师丛书,洛伊斯.比约德,科幻,科幻世界,2006,四川科学技术出版社,书籍,世界科幻大师丛书,Cetaganda,西塔甘达,19.00元,,8.6,245.0,郭卫泽,313
9787536469037,5d43b31151eceec5c3080143,世界科幻大师丛书,（日）山田正纪,科幻,科幻世界,2010年3月,四川科学技术出版社,书籍,世界科幻大师丛书,神狩り,神狩,16.00元,平装,6.8,224.0,王昱星,176
9787214067289,5d43b31251eceec5c3080144,,［美］詹姆斯（James）,科幻,,2011-3,江苏人民出版社,书籍,WingmakersⅠ,AncientArrowProject,古箭计划,36.00元,平装,7.3,63.0,天云Psiage,280
9787513310208,5d43b31251eceec5c3080145,“蝌蚪五线谱”杯科幻征文大赛优秀作品选粹,北京市科学技术协会,科幻,,2014-2-15,新星出版社,书籍,第二届“蝌蚪五线谱”杯科幻征文大赛优秀作品选粹,,星海征程,32.00,精装,7.9,33.0,,432
9787020108671,5d43b31251eceec5c3080146,中国最佳科幻作品年选,姚海军主编,科幻,,2015-8,人民文学出版社,书籍,,,2014中国最佳科幻作品,33.00元,平装,8.0,43.0,,420
9787511317766,5d43b31251eceec5c3080147,王晋康科幻小说精选集,,科幻,,2012-4,中国华侨出版社,书籍,王晋康长篇科幻小说集2,,拉格朗日墓场,26.80元,平装,5.9,161.0,,226
9787536487116,5d43b31251eceec5c3080148,世界科幻大师丛书,,科幻,科幻世界,2017-10,四川科学技术出版社,书籍,,,世界科幻杰作选Ⅱ,38,平装,8.5,68.0,罗布,420
9787549215874,5d43b31251eceec5c3080149,,出版社,科幻,,,,书籍,科幻,,绘本作文小学生童话 科幻 假想 梦境作文,29.8元,,,,,
9787539529318,5d43b31251eceec5c308014a,科幻新概念理论丛书,王建元,科幻,,2006-12,福建少儿,书籍,香港科幻论文精选/科幻新概念理论丛书,,科幻.后现代.后人类-香港科幻论文精选,23.00元,,,,,182
9787221090423,5d43b31251eceec5c308014b,世界最新悬疑推理小说,[英]西蒙·史密斯,科幻,,2011-1,贵州人民出版社,书籍,,TheEndofScienceFiction,科幻小说的终结,25.00元,平装,5.7,139.0,张宪虎,192
9787536465701,5d43b31251eceec5c308014c,世界科幻大师丛书,田中光二,科幻,科幻世界,2008-12,四川科学技术出版社,书籍,世界科幻大师丛书,異星の人,异星人,21.00元,平装,6.5,136.0,舒忆,239
9787536466166,5d43b31251eceec5c308014d,世界科幻大师丛书,弗诺·文奇,科幻,科幻世界,2009,四川科学技术出版社,书籍,,TheCollectedStoriesofVernorVinge(2001),弗诺·文奇科幻小说集,39.00元,,8.5,325.0,孙开元等,600
9787302326182,5d43b31251eceec5c308014e,,,科幻,,2013-9,清华大学出版社,书籍,,,中国科幻大片,30,,7.4,267.0,,232
9789573313397,5d43b31251eceec5c308014f,,,科幻,,1996.09.01,皇冠文化,书籍,倪匡科幻小説91,,原形,NTD120元,平裝,7.4,187.0,,200頁
9787519213527,5d43b31251eceec5c3080150,新空间科幻电影译丛,[英]凯斯•M.约翰斯顿,科幻,,2016-8,世界图书出版公司,书籍,,ScienceFictionFilm：ACriticalIntroduction,科幻电影导论,49.00,平装,8.1,82.0,,247
9787542824035,5d43b31251eceec5c3080151,,约翰·克卢特,科幻,,2003-7,上海科技教育出版社,书籍,,,彩图科幻百科,185.00元,,8.4,78.0,,318
9787536470200,5d43b31251eceec5c3080152,,(美)迪克等,科幻,,2011-11,四川科学技术出版社,书籍,最佳科幻电影蓝本小说选,originalstoriesofclassicsci-fifilms,经典的真身,32.00元,平装,8.8,200.0,,427
9787511317759,5d43b31351eceec5c3080153,王晋康科幻小说精选集,,科幻,,2011-11,中国华侨出版社,书籍,王晋康长篇科幻小说集1,,生命之歌,26.80元,平装,7.0,178.0,,264页
9787229030933,5d43b31351eceec5c3080154,科幻世界·中国科幻基石丛书,刘慈欣,科幻,科幻世界,2010-11,重庆出版社,书籍,死神永生,,三体Ⅲ,38.00元,平装,9.2,168465.0,,513
9787510094934,5d43b31451eceec5c3080155,新空间科幻电影译丛,罗伯特·格兰特(RobertGrant),科幻,,2015-7-1,世界图书出版公司,书籍,,WritingTheScienceFictionFilm,科幻电影写作,CNY48.00,平装,7.3,76.0,谢冰冰,275
9787536474819,5d43b31c51eceec5c3080156,科幻世界·中国科幻基石丛书,,科幻,科幻世界,2012-10,四川科学技术出版社,书籍,中国科幻基石丛书,,湿婆之舞,38.00元,平装,7.5,163.0,,523
9787229038199,5d43b31d51eceec5c3080157,,,科幻,,2011-5,重庆出版社,书籍,中国新生代更新代科幻名家新作选,,星潮,33.90元,平装,7.0,83.0,,316
9787115283238,5d43b31e51eceec5c3080158,中国科幻名家名作大系,何夕,科幻,时光幻象,2012-7,人民邮电出版社,书籍,中国科幻名家名作大系（第一辑）,,何夕卷：爱别离,38.00元,平装,7.8,109.0,,348
9787536460775,5d43b31e51eceec5c3080159,科幻世界·中国科幻基石丛书,拉拉,科幻,科幻世界,2006-11-01,四川科学技术出版社,书籍,拉拉科幻小说选,,绿野,22.00元,简裝本,8.3,292.0,,227
9787537519311,5d43b31e51eceec5c308015a,美国科幻大师詹姆斯·冈恩科幻系列,,科幻,,1999-12-01,河北科学技术出版社,书籍,世界科幻大师丛书26,,快乐制造者,10,,7.7,105.0,孔斌,288
9789624475746,5d43b31e51eceec5c308015b,,,科幻,,2004-7,勤+緣出版社,书籍,衛斯理科幻系列55,,只限老友,HK$45,平装,6.7,110.0,,206
9787537961363,5d43b31e51eceec5c308015c,“奇点”科幻丛书,陈茜,科幻,,2013-1,希望出版社,书籍,“奇点”科幻丛书,,记忆之囚,29.80元,平装,9.3,39.0,,242
9787805146782,5d43b31e51eceec5c308015d,,李名慈,科幻,,1994-12-1,上海远东出版社,书籍,,,凡尔纳科幻故事精选,25.00,精装(无盘),9.1,391.0,,753
9787115284440,5d43b31e51eceec5c308015e,中国科幻名家名作大系,韩松,科幻,时光幻象,2012-7,人民邮电出版社,书籍,中国科幻名家名作大系（第一辑）,,韩松卷：看的恐惧,39.00元,平装,6.8,69.0,,396
9787225013893,5d43b31f51eceec5c308015f,凡尔纳科幻探险小说全集,,科幻,,1997年9月,青海人民出版社,书籍,凡尔纳科幻探险小说全集7,,海底两万里,19.50元,,8.8,136.0,邓月明,
9787536693968,5d43b31f51eceec5c3080160,科幻世界·中国科幻基石丛书,,科幻,科幻世界,2008-5,重庆出版社,书籍,黑暗森林,,三体Ⅱ,32.00,平装,9.3,170801.0,,470
9789573900641,5d43b31f51eceec5c3080161,倪匡科幻小說集,,科幻,,1981-10,遠景出版社,书籍,倪匡科幻小說集15,,盡頭,NT130,平装,6.4,150.0,,228
